id,name,type,type_code,address,location,lon,lat,tel,pname,cityname,adname,business_area,tag,timestamp,rating,cost,tourism_score,traffic_score,facility_score
B0I6Y7URLT,红子鸡凤凰楼,餐饮服务;中餐厅;综合酒楼,050101,澳门路188号(江宁路地铁站1号口步行370米),"121.444867,31.247621",121.444867,31.247621,021-62661188,上海市,上海市,普陀区,,,2026-01-29 09:13:31,4.8,137.0,0.4897959183673469,0.0,0.7499999999999999
B00156Y4J9,农家菜老大(松江店),餐饮服务;中餐厅;中餐厅,050100,沪松公路6351号,"121.259257,31.038399",121.259257,31.038399,021-57709999,上海市,上海市,松江区,,,2026-01-29 09:13:31,4.8,93.0,1.0,0.0,0.625
B0H01HNRB6,四季民福烤鸭店(外滩外白渡桥店),餐饮服务;中餐厅;中餐厅,050100,吴淞路130号城投控股大厦辅楼F3层,"121.490444,31.247145",121.490444,31.247145,021-56056620;13310199575,上海市,上海市,虹口区,,,2026-01-29 09:13:31,4.8,184.0,0.4897959183673469,0.0,0.37499999999999994
B0FFJBZBG2,点都德(环宇荟店),餐饮服务;快餐厅;茶餐厅,050305,黄陂南路838弄环宇荟B1层(地铁9/13号线马当路站5号口),"121.476543,31.211745",121.476543,31.211745,021-63333213;13564839929,上海市,上海市,黄浦区,,,2026-01-29 09:13:31,4.7,104.0,0.47959183673469397,0.0,0.7499999999999999
B0HUZZIIMZ,浩海火烧云傣家菜(新天地广场店),餐饮服务;中餐厅;云贵菜,050114,淮海中路333号6层07室,"121.473930,31.222148",121.47393,31.222148,021-63288790,上海市,上海市,黄浦区,,,2026-01-29 09:13:31,4.8,109.0,1.0,0.0,0.37499999999999994
B0J6CSLTZZ,人和馆(静安寺店),餐饮服务;中餐厅;中餐厅,050100,愚园路142号(静安寺地铁站出入口步行190米),"121.445131,31.224396",121.445131,31.224396,021-62668003,上海市,上海市,静安区,,,2026-01-29 09:13:31,4.7,154.0,0.47959183673469397,0.0,0.37499999999999994
B00156FMDD,贯贯吉清真餐厅Guanguanji qingzhen restaurant,餐饮服务;中餐厅;清真菜馆,050121,浙江中路70-2号,"121.480649,31.231398",121.480649,31.231398,021-63220039,上海市,上海市,黄浦区,,,2026-01-29 09:13:31,4.7,105.0,0.47959183673469397,0.0,0.37499999999999994
B0JGLHAP4F,潇湘阁(吴江路湟普汇店),餐饮服务;中餐厅;湖南菜(湘菜),050108,吴江路269号湟普汇商场3层,"121.459079,31.229216",121.459079,31.229216,021-52995213,上海市,上海市,静安区,,,2026-01-29 09:13:31,4.8,87.0,0.4897959183673469,0.0,0.625
B0KRK7AGKZ,李百蟹·蟹黄面·江景餐厅(外滩·豫园店),餐饮服务;中餐厅;海鲜酒楼,050119,外滩22号中山东二路22号3楼(正对外滩江景、东方明珠、三件套),"121.493949,31.230833",121.493949,31.230833,18601445562,上海市,上海市,黄浦区,,,2026-01-29 09:13:31,4.8,100.0,0.4897959183673469,0.0,0.7499999999999999
B0L1NUX1KY,外滩家宴·上海菜(外滩豫园店),餐饮服务;中餐厅;中餐厅,050100,外滩街道外滩22号中山东二路22号2楼,"121.493942,31.230724",121.493942,31.230724,13127934208,上海市,上海市,黄浦区,,,2026-01-29 09:13:31,4.7,135.0,0.47959183673469397,0.0,0.37499999999999994
B001557EGG,莱莱小笼,餐饮服务;中餐厅;中餐厅,050100,天津路506号,"121.477126,31.236125",121.477126,31.236125,021-63520230,上海市,上海市,黄浦区,,,2026-01-29 09:13:31,4.8,67.0,0.4897959183673469,0.0,0.625
B0FFF407ML,人和馆(肇嘉浜路店),餐饮服务;中餐厅;中餐厅,050100,肇嘉浜路407(嘉善路地铁站5号口步行230米),"121.458032,31.201706",121.458032,31.201706,021-64030731,上海市,上海市,徐汇区,,,2026-01-29 09:13:31,4.8,186.0,0.4897959183673469,0.0,0.37499999999999994
B0FFGP1BQM,红盔甲·小龙虾(人民广场店),餐饮服务;中餐厅;海鲜酒楼,050119,金陵东路500号亚龙国际广场2楼(8号线大世界2号口步行100m),"121.480363,31.227072",121.480363,31.227072,021-63216858,上海市,上海市,黄浦区,,,2026-01-29 09:13:31,4.8,160.0,1.0,0.0,0.7499999999999999
B0FFLDVE66,陶陶居(新天地店),餐饮服务;中餐厅;中餐厅,050100,太仓路181弄新天地北里F1层17号,"121.474529,31.221248",121.474529,31.221248,021-63866618,上海市,上海市,黄浦区,,,2026-01-29 09:13:31,4.7,137.0,0.47959183673469397,0.0,0.37499999999999994
B0L6950V16,李百蟹·蟹黄面(外滩南京路店),餐饮服务;餐饮相关场所;餐饮相关,050000,外滩街道九江路80号2楼201(招商银行、中国建设银行隔壁),"121.488601,31.237593",121.488601,31.237593,17559920207,上海市,上海市,黄浦区,,,2026-01-29 09:13:31,4.7,112.0,0.47959183673469397,0.0,0.0
B00155L02C,光明邨大酒家(淮海中路总店),餐饮服务;中餐厅;综合酒楼,050101,淮海中路588号(淮海中路地铁站1号口步行300米),"121.467628,31.220523",121.467628,31.220523,021-53061200;021-53067878,上海市,上海市,黄浦区,,,2026-01-29 09:13:31,4.8,69.0,0.4897959183673469,0.0,1.0
B0K3ZCDDWO,四季民福烤鸭店(香港广场店),餐饮服务;中餐厅;特色/地方风味餐厅,050118,淮海中路282号香港广场北座F3层,"121.474764,31.223844",121.474764,31.223844,021-63337521;17765129957,上海市,上海市,黄浦区,,,2026-01-29 09:13:31,4.7,165.0,0.9897959183673471,0.0,0.37499999999999994
B0FFIREFVW,威皇广福和小海鲜(乌鲁木齐南路店),餐饮服务;中餐厅;中餐厅,050100,乌鲁木齐南路370号(肇嘉浜路地铁站2号口步行190米),"121.449937,31.200786",121.449937,31.200786,19352140875,上海市,上海市,徐汇区,,,2026-01-29 09:13:31,4.8,122.0,0.4897959183673469,0.0,0.37499999999999994
B0FFLNM3AW,点都德·德小馆(正大店),餐饮服务;中餐厅;中餐厅,050100,陆家嘴西路168号正大广场西区6楼614室,"121.499038,31.236926",121.499038,31.236926,021-58302521,上海市,上海市,浦东新区,,,2026-01-29 09:13:31,4.7,109.0,0.47959183673469397,0.0,0.37499999999999994
B0L61MLNIB,外滩家宴·上海菜(外滩·南京路店),餐饮服务;餐饮相关场所;餐饮相关,050000,外滩街道九江路80号二楼202(九江路招商银行、中国建设银行隔壁),"121.488571,31.237618",121.488571,31.237618,18601443109,上海市,上海市,黄浦区,,,2026-01-29 09:13:31,4.7,126.0,0.47959183673469397,0.0,0.0
B0L23757AF,海底捞火锅(舟虹路店),餐饮服务;中餐厅;火锅店,050117,申长路799号龙湖天街B馆3层,"121.313455,31.190801",121.313455,31.190801,021-54325029,上海市,上海市,闵行区,,,2026-01-29 09:13:31,4.8,100.0,0.4897959183673469,0.0,0.37499999999999994
B0LABC0RB4,莱莱小笼(静安店),餐饮服务;中餐厅;中餐厅,050100,万航渡路50号,"121.443636,31.223977",121.443636,31.223977,021-62339806,上海市,上海市,静安区,,,2026-01-29 09:13:31,4.8,65.0,0.4897959183673469,0.0,0.625
B0FFF60FXL,丰荷农庄,餐饮服务;餐饮相关场所;餐饮相关,050000,金汇镇航南公路2899弄(浦星公路)荷庭养生农庄,"121.524502,30.960082",121.524502,30.960082,18221566098,上海市,上海市,奉贤区,,,2026-01-29 09:13:31,4.6,104.0,0.4693877551020408,0.0,0.0
B0FFGCY4N3,威皇广福和小海鲜(襄阳南路店),餐饮服务;中餐厅;海鲜酒楼,050119,襄阳南路215号(陕西南路地铁站7号口步行410米),"121.457611,31.211436",121.457611,31.211436,021-54046529,上海市,上海市,徐汇区,,,2026-01-29 09:13:31,4.8,106.0,0.4897959183673469,0.0,0.7499999999999999
B0FFHFDPQB,紫阳花园,餐饮服务;中餐厅;中餐厅,050100,川大路319号近川沙路三一重工,"121.703836,31.167467",121.703836,31.167467,18783111857,上海市,上海市,浦东新区,,,2026-01-29 09:13:31,4.9,120.0,0.5000000000000001,0.0,0.37499999999999994
B00156EHY1,三利音·浦之舟,餐饮服务;中餐厅;中餐厅|商务住宅;商务住宅相关;商务住宅相关,050100|120000,滨江大道3688号(近东昌路),"121.503845,31.229359",121.503845,31.229359,021-58400090;021-58400318,上海市,上海市,浦东新区,,,2026-01-29 09:13:32,4.7,316.0,0.47959183673469397,0.0,0.5
B0K65AG760,宫宴,餐饮服务;餐饮相关场所;餐饮相关,050000,北京西路1485号一幢,"121.447739,31.226889",121.447739,31.226889,021-62886588,上海市,上海市,静安区,,,2026-01-29 09:13:32,4.7,787.0,0.47959183673469397,0.0,0.0
B0KDT57SOW,四季民福烤鸭店(中信泰富广场店),餐饮服务;中餐厅;特色/地方风味餐厅,050118,南京西路1168号中信泰富广场L4层,"121.455750,31.228222",121.45575,31.228222,021-62606602;18019007208,上海市,上海市,静安区,,,2026-01-29 09:13:32,4.7,198.0,0.9897959183673471,0.0,0.5
B0LRLUO0IG,浩海火烧云傣家菜,餐饮服务;中餐厅;中餐厅,050100,瑞虹路181号瑞虹太阳宫5楼506室,"121.500246,31.262574",121.500246,31.262574,17321187203,上海市,上海市,虹口区,,,2026-01-29 09:13:32,4.7,117.0,0.47959183673469397,0.0,0.5
B0G107GJKV,帅帅精致家常味(长乐路店),餐饮服务;中餐厅;中餐厅,050100,长乐路175-4号(淮海中路地铁站3号口步行280米),"121.461215,31.220809",121.461215,31.220809,13003257917,上海市,上海市,黄浦区,,,2026-01-29 09:13:32,4.7,196.0,0.47959183673469397,0.0,0.5
B0LAYC08CT,不撞鲜鸡煲·海鲜排挡,餐饮服务;中餐厅;特色/地方风味餐厅,050118,水产西路939号-5,"121.412825,31.355125",121.412825,31.355125,021-60191377,上海市,上海市,宝山区,,,2026-01-29 09:13:32,4.7,110.0,0.47959183673469397,0.0,0.5
B0FFHK0O6Y,耶里夏丽(东方路店),餐饮服务;中餐厅;清真菜馆,050121,东方路918号,"121.527373,31.222905",121.527373,31.222905,021-50201057;18049971642,上海市,上海市,浦东新区,,,2026-01-29 09:13:32,4.7,74.0,0.47959183673469397,0.0,0.8333333333333334
B0K0GZ9NON,品回味清真西北菜(长寿路店),餐饮服务;中餐厅;清真菜馆,050121,长寿街道长寿路285号(近西康路),"121.438934,31.240949",121.438934,31.240949,17821993599,上海市,上海市,普陀区,,,2026-01-29 09:13:32,4.7,89.0,0.47959183673469397,0.0,0.8333333333333334
B0J1N6F0Z3,四季民福烤鸭店(静安大悦城店),餐饮服务;中餐厅;特色/地方风味餐厅,050118,西藏北路198号静安大悦城北座F5层,"121.471862,31.244571",121.471862,31.244571,021-66696362;18117358770,上海市,上海市,静安区,,,2026-01-29 09:13:32,4.7,187.0,0.47959183673469397,0.0,0.5
B0KUCNQODQ,佬太公海鸭·上海菜(静安店),餐饮服务;餐饮相关场所;餐饮相关,050000,成都北路333号上海招商局广场2楼202,"121.466583,31.227861",121.466583,31.227861,021-63808888;13162447101;18917887888,上海市,上海市,静安区,,,2026-01-29 09:13:32,4.8,130.0,0.4897959183673469,0.0,0.0
B0FFFRL0D7,农家菜老大(九亭店),餐饮服务;中餐厅;中餐厅,050100,沪松公路1229号,"121.327200,31.143252",121.3272,31.143252,021-37707878,上海市,上海市,松江区,,,2026-01-29 09:13:32,4.8,115.0,1.0,0.0,0.5
B0FFIE4T5P,苗岭人家(天目中路店),餐饮服务;中餐厅;中餐厅,050100,天目中路383号海文大楼F1层,"121.467142,31.244737",121.467142,31.244737,15618903013;18356525065,上海市,上海市,静安区,,,2026-01-29 09:13:32,4.7,90.0,0.47959183673469397,0.0,0.8333333333333334
B0JA94C3PN,费大厨辣椒炒肉(新天地店),餐饮服务;中餐厅;中餐厅,050100,淮海中路333号新天地广场F4层,"121.474097,31.222329",121.474097,31.222329,021-63353877,上海市,上海市,黄浦区,,,2026-01-29 09:13:32,4.7,95.0,0.47959183673469397,0.0,0.8333333333333334
B0LR77J5FP,宝山壹號·庭院餐厅,餐饮服务;中餐厅;中餐厅,050100,泰和西路2520号,"121.423532,31.353474",121.423532,31.353474,13391221017,上海市,上海市,宝山区,,,2026-01-29 09:13:32,4.6,168.0,0.4693877551020408,0.0,0.5
B0FFF68TUN,唐宫·粤菜海鲜(多媒体店),餐饮服务;中餐厅;海鲜酒楼,050119,广中西路757号三楼,"121.439769,31.277391",121.439769,31.277391,021-66270619,上海市,上海市,静安区,,,2026-01-29 09:13:32,4.6,140.0,0.4693877551020408,0.0,1.0
B001513877,瑞福园(茂名南路店),餐饮服务;中餐厅;中餐厅,050100,茂名南路132号(近复兴中路),"121.461971,31.215249",121.461971,31.215249,021-64374609;021-64458999,上海市,上海市,黄浦区,,,2026-01-29 09:13:32,4.7,151.0,0.47959183673469397,0.0,0.5
B0FFIYCS2N,上海滩餐厅(BFC外滩金融中心店),餐饮服务;中餐厅;浙江菜,050106,东二路600号BFC外滩金融中心N3栋5F层,"121.497657,31.227219",121.497657,31.227219,021-63787767;021-63787777,上海市,上海市,黄浦区,,,2026-01-29 09:13:32,4.6,551.0,0.4693877551020408,0.0,0.5
B00156ECAG,和记小菜(航天城店),餐饮服务;中餐厅;中餐厅,050100,莘庄工业区鑫都路2538号鑫都商业广场4栋F1层3308-5,"121.395448,31.057101",121.395448,31.057101,021-54857877,上海市,上海市,闵行区,,,2026-01-29 09:13:32,4.6,105.0,0.4693877551020408,0.0,0.5
B0GD3S28L7,松沪名灶•新上海菜(虹桥枢纽七宝国展店),餐饮服务;中餐厅;中餐厅,050100,沪星路289弄顺恒国际广场A座1楼(迪卡侬正门口),"121.338370,31.164200",121.33837,31.1642,021-57771179;13386279807,上海市,上海市,闵行区,,,2026-01-29 09:13:32,4.7,87.0,0.47959183673469397,1.0,0.8333333333333334
B0FFHFHS8A,楼上火锅(茂名南路店),餐饮服务;中餐厅;火锅店,050117,茂名南路46号2楼(淮海中路地铁站3号口步行490米),"121.460196,31.221909",121.460196,31.221909,021-62470007;021-62470017,上海市,上海市,黄浦区,,,2026-01-29 09:13:32,4.6,520.0,0.4693877551020408,0.0,0.5
B0FFLG1U90,圆苑(淮海路店),商务住宅;住宅区;住宅小区|餐饮服务;中餐厅;中餐厅,120302|050100,淮海中路222号力宝广场2楼,"121.475477,31.224328",121.475477,31.224328,021-63906662;13818257486,上海市,上海市,黄浦区,,,2026-01-29 09:13:32,4.6,181.0,0.4693877551020408,0.0,0.5
B0HD0MXZIZ,额尔敦传统涮(延安店),餐饮服务;中餐厅;火锅店,050117,延安中路1111号(静安寺地铁站11号口步行140米),"121.447792,31.220795",121.447792,31.220795,021-61331157,上海市,上海市,静安区,,,2026-01-29 09:13:32,4.7,119.0,0.47959183673469397,0.0,0.5
B0J6UMMAK5,老兴鲜(淮海百盛店),餐饮服务;中餐厅;中餐厅,050100,淮海中路918号百盛商场5层(陕西南路地铁站出入口旁),"121.459279,31.217511",121.459279,31.217511,13681653756,上海市,上海市,黄浦区,,,2026-01-29 09:13:32,4.6,236.0,0.4693877551020408,0.0,0.5
B0K64HQF9I,费大厨辣椒炒肉(人广来福士店),餐饮服务;中餐厅;湖南菜(湘菜),050108,藏中路268号人广来福士7L,"121.476678,31.232310",121.476678,31.23231,13755144922,上海市,上海市,黄浦区,,,2026-01-29 09:13:32,4.6,81.0,0.4693877551020408,0.0,0.8333333333333334
B0FFGKRT42,竹屋川菜,餐饮服务;中餐厅;四川菜(川菜),050102,淮海中路99号大上海时代广场B1层,"121.478384,31.224510",121.478384,31.22451,021-53832877;021-64154730,上海市,上海市,黄浦区,,,2026-01-29 09:13:32,4.7,102.0,0.47959183673469397,0.0,0.5
B0GK1BTOA8,上海滩餐厅(新天地店),餐饮服务;中餐厅;中餐厅,050100,太仓路181弄7号新天地北里(黄陂南路358号),"121.475327,31.220725",121.475327,31.220725,021-63037777,上海市,上海市,黄浦区,,,2026-01-29 09:13:34,4.6,305.0,0.31292517006802717,0.0,0.5
B0FFF3L17E,新白鹿(南京东路店),餐饮服务;中餐厅;浙江菜|餐饮服务;冷饮店;冷饮店,050106|050700,南京东路800号第一百货商业中心C馆9层(近西藏中路),"121.475220,31.235815",121.47522,31.235815,021-53865688,上海市,上海市,黄浦区,,,2026-01-29 09:13:34,4.7,67.0,0.3197278911564626,0.0,0.8333333333333334
B0HRFH38Q9,蘩楼(淮海百盛店),餐饮服务;中餐厅;中餐厅,050100,淮海中路918号百盛购物中心4楼(近陕西南路地铁站2号口),"121.459165,31.217468",121.459165,31.217468,021-68681668,上海市,上海市,黄浦区,,,2026-01-29 09:13:34,4.6,113.0,0.31292517006802717,0.0,0.5
B0FFGYZP03,上海滩餐厅(虹桥天地店),餐饮服务;中餐厅;中餐厅,050100,申长路888弄虹桥天地北区2号楼B栋1楼2楼,"121.315553,31.194389",121.315553,31.194389,021-33586777,上海市,上海市,闵行区,,,2026-01-29 09:13:34,4.6,302.0,0.31292517006802717,0.0,0.5
B0HDJZUNM9,和睦壹号农家乐,餐饮服务;中餐厅;上海菜,050107,赵巷镇和睦村461号,"121.238126,31.161749",121.238126,31.161749,15001929288,上海市,上海市,青浦区,,,2026-01-29 09:13:34,4.4,94.0,0.6394557823129252,0.0,0.8333333333333334
B0HRHU2XLT,对酒当歌·地道川菜(南丹东路店),餐饮服务;中餐厅;四川菜(川菜),050102,南丹东路300弄9-1号(徐家汇地铁站2号口步行190米),"121.438467,31.188685",121.438467,31.188685,021-64221797,上海市,上海市,徐汇区,,,2026-01-29 09:13:34,4.6,78.0,0.31292517006802717,0.0,0.8333333333333334
B0FFFXYFK4,久久滴水洞湘菜馆(茂名南路店),餐饮服务;中餐厅;湖南菜(湘菜),050108,茂名南路56号2层(淮海中路地铁站3号口步行400米),"121.460164,31.221227",121.460164,31.221227,021-62181476;021-62532689,上海市,上海市,黄浦区,,,2026-01-29 09:13:34,4.6,110.0,0.31292517006802717,0.0,0.5
B0FFJFT8ZD,世博源公馆·本帮融合菜·主题包厢·江景餐厅,餐饮服务;中餐厅;广东菜(粤菜),050103,世博大道1368号世博源1区2层201室,"121.492054,31.188034",121.492054,31.188034,13917666180,上海市,上海市,浦东新区,,,2026-01-29 09:13:34,4.6,268.0,0.31292517006802717,0.0,0.5
B00155HMGI,俏江南·花园戏曲餐厅(881店),餐饮服务;中餐厅;四川菜(川菜)|餐饮服务;中餐厅;综合酒楼,050102|050101,延安中路881号,"121.453590,31.222858",121.45359,31.222858,13808396599,上海市,上海市,静安区,,,2026-01-29 09:13:34,4.6,226.0,0.31292517006802717,0.0,1.0
B0FFGJN697,大壶春(四川中路店),餐饮服务;中餐厅;中餐厅,050100,四川中路136号(广东路),"121.489181,31.234836",121.489181,31.234836,021-63130155;18918804733,上海市,上海市,黄浦区,,,2026-01-29 09:13:34,4.6,32.0,0.31292517006802717,0.0,0.8333333333333334
B0K65MHDVG,荣锦荟家宴餐厅,餐饮服务;中餐厅;中餐厅,050100,万里街道真金路459号,"121.405320,31.272515",121.40532,31.272515,021-61671699,上海市,上海市,普陀区,,,2026-01-29 09:13:34,4.6,126.0,0.31292517006802717,0.0,0.5
B0LR3SCI2H,成妈串串自助火锅馆(淮海中路店),餐饮服务;中餐厅;火锅店,050117,淮海中路939号巴黎春天V店3楼11-12,"121.459575,31.216475",121.459575,31.216475,021-33300079,上海市,上海市,黄浦区,,,2026-01-29 09:13:34,4.6,102.0,0.31292517006802717,0.0,0.5
B0IRGA9OF8,先启半步颠小酒馆(上海市人民广场店),餐饮服务;中餐厅;中餐厅,050100,浙江中路283号2楼,"121.478749,31.234211",121.478749,31.234211,13052012026,上海市,上海市,黄浦区,,,2026-01-29 09:13:34,4.6,87.0,0.6530612244897959,0.0,0.8333333333333334
B0H2OB7WQP,御鲤湘(淮海中路店),餐饮服务;中餐厅;湖南菜(湘菜),050108,淮海中路1333号1楼(常熟路地铁站7号口步行160米),"121.449585,31.211875",121.449585,31.211875,021-63288808;13818274131,上海市,上海市,徐汇区,,,2026-01-29 09:13:34,4.7,68.0,0.3197278911564626,0.0,0.8333333333333334
B0FFM15BO4,大场特色名小吃小吴羊肉馆(场中路店),餐饮服务;中餐厅;中餐厅,050100,场中路4093号1层(场中路地铁站1号口步行200米),"121.415572,31.303012",121.415572,31.303012,021-56550613;13032111225,上海市,上海市,宝山区,,,2026-01-29 09:13:34,4.6,59.0,0.31292517006802717,0.0,0.8333333333333334
B0FFF4S7OI,大董(环贸iapm商场店),餐饮服务;中餐厅;特色/地方风味餐厅,050118,淮海中路999号上海环贸iapm商场f6层l6-602,"121.458711,31.216140",121.458711,31.21614,021-54665758,上海市,上海市,徐汇区,,,2026-01-29 09:13:34,4.6,375.0,0.31292517006802717,0.0,1.0
B0L1S7QUJV,東盛炭烤自助料理(临港龙光蓝鲸店),餐饮服务;中餐厅;中餐厅,050100,南汇新城镇方竹路888弄1-4号临港蓝鲸世界L3,"121.896175,30.895975",121.896175,30.895975,021-33310001,上海市,上海市,浦东新区,,,2026-01-29 09:13:34,4.6,140.0,0.31292517006802717,0.0,0.5
B0L1OCOVK1,尧尧羊肉馆(场中路店),餐饮服务;中餐厅;中餐厅,050100,场中路大华老镇嘉年华4098弄39号108室,"121.414763,31.302075",121.414763,31.302075,021-66500371,上海市,上海市,宝山区,,,2026-01-29 09:13:34,4.6,53.0,0.31292517006802717,0.0,0.8333333333333334
B00155GPAF,颐品居涮羊肉(宁海路乌中店),餐饮服务;中餐厅;火锅店,050117,乌鲁木齐中路352号1-3层,"121.446554,31.210876",121.446554,31.210876,021-64715147,上海市,上海市,徐汇区,,,2026-01-29 09:13:34,4.7,146.0,0.3197278911564626,0.0,0.5
B0L237603E,海底捞火锅(中山中路店),餐饮服务;中餐厅;火锅店,050117,中山中路71号平高世贸中心5楼,"121.235118,31.006171",121.235118,31.006171,021-37891176,上海市,上海市,松江区,,,2026-01-29 09:13:34,4.5,103.0,0.30612244897959184,0.0,0.5
B0FFGBJPFB,顾伯伯农家乐餐厅(崇明森林公园店),体育休闲服务;休闲场所;休闲场所|餐饮服务;中餐厅;中餐厅,080500|050100,黎明路虹桥村301号(黎明路最南端),"121.468516,31.675716",121.468516,31.675716,13661693655,上海市,上海市,崇明区,,,2026-01-29 09:13:34,4.7,58.0,1.0,0.0,0.8333333333333334
B0J6YA0WR2,神仙馆(淮海店),餐饮服务;中餐厅;中餐厅,050100,成都南路99弄1-3号(淮海中路地铁站1号口步行460米),"121.467891,31.221479",121.467891,31.221479,021-53869919,上海市,上海市,黄浦区,,,2026-01-29 09:13:34,4.6,183.0,0.31292517006802717,0.0,0.5
B0FFF9ZPGT,温州海鲜黄牛馆(天目中路店),餐饮服务;中餐厅;海鲜酒楼,050119,天目中路335-337号近晋元路,"121.468498,31.245556",121.468498,31.245556,021-61326393;13651940128,上海市,上海市,静安区,,,2026-01-29 09:13:34,4.6,190.0,0.31292517006802717,0.0,1.0
B0KD2LXKLA,山野板扎·云贵川Bistro(K11店),餐饮服务;中餐厅;云贵菜,050114,淮海中路300号上海k11购物艺术中心L4层,"121.473839,31.223228",121.473839,31.223228,18019168351,上海市,上海市,黄浦区,,,2026-01-29 09:13:35,4.7,143.0,0.49473684210526314,0.0,0.37499999999999994
B0LURZ387M,四吉饭店,餐饮服务;餐饮相关场所;餐饮相关,050000,进贤路169号,"121.459195,31.221393",121.459195,31.221393,021-62440086;13371844446,上海市,上海市,黄浦区,,,2026-01-29 09:13:35,4.5,227.0,0.47368421052631576,0.0,0.37499999999999994
B0G064MYMR,柴米多CHIMIDO·农场餐厅(乌中市集店),餐饮服务;中餐厅;中餐厅,050100,乌鲁木齐中路318号乌中市集二楼,"121.446342,31.211302",121.446342,31.211302,19121497993,上海市,上海市,徐汇区,,,2026-01-29 09:13:35,4.6,121.0,0.48421052631578937,0.0,0.37499999999999994
B0FFG94PZ7,椰子不语椰子鸡火锅(淮海店),餐饮服务;中餐厅;火锅店,050117,淮海中路939-947号巴黎春天百货(淮海店)L4层,"121.459552,31.216215",121.459552,31.216215,021-64087199,上海市,上海市,黄浦区,,,2026-01-29 09:13:35,4.5,138.0,0.47368421052631576,0.0,0.37499999999999994
B0I2GA5Z60,邬达克红晏轩餐厅.东外滩店,餐饮服务;中餐厅;中餐厅,050100,眉州路272号长城饭店园区内,"121.535915,31.260784",121.535915,31.260784,021-55880517,上海市,上海市,杨浦区,,,2026-01-29 09:13:35,4.4,187.0,0.4631578947368421,0.0,0.37499999999999994
B0L6PU68O6,玖·JIU餐厅,餐饮服务;中餐厅;中餐厅,050100,申长路888弄虹桥天地3号楼D座G层,"121.315775,31.195051",121.315775,31.195051,021-52967799,上海市,上海市,闵行区,,,2026-01-29 09:13:35,4.4,218.0,0.4631578947368421,0.0,0.37499999999999994
B00154YOWW,春餐厅,餐饮服务;中餐厅;中餐厅,050100,进贤路124号(淮海中路地铁站3号口步行500米),"121.460124,31.221713",121.460124,31.221713,13901729390,上海市,上海市,黄浦区,,,2026-01-29 09:13:35,4.5,130.0,0.47368421052631576,0.0,0.37499999999999994
B0FFG2YDJ5,丁香餐厅(汇智国际商业中心店),餐饮服务;中餐厅;中餐厅,050100,金科路3057号汇智国际商业中心F2层,"121.601336,31.203676",121.601336,31.203676,021-58551118;13482821774,上海市,上海市,浦东新区,,,2026-01-29 09:13:35,4.5,182.0,0.47368421052631576,0.0,0.37499999999999994
B0FFJ0A21T,晶苑餐厅(淮海店),餐饮服务;中餐厅;中餐厅,050100,淮海中路1028号3层301,"121.455722,31.215931",121.455722,31.215931,021-54667187;021-64033727,上海市,上海市,徐汇区,,,2026-01-29 09:13:35,4.4,388.0,0.4631578947368421,0.0,0.37499999999999994
B0FFHV27R9,醉辉皇(上海中心店),餐饮服务;中餐厅;海鲜酒楼,050119,银城中路501号上海中心大厦3楼,"121.505499,31.233629",121.505499,31.233629,021-33830017;021-33830727;18221575792,上海市,上海市,浦东新区,,,2026-01-29 09:13:35,4.5,173.0,0.47368421052631576,0.0,0.7499999999999999
B0KDAAJBQL,蟹太太(淮海中路店),餐饮服务;中餐厅;中餐厅,050100,淮海中路98号金钟广场F1层,"121.478809,31.225318",121.478809,31.225318,16621009957,上海市,上海市,黄浦区,,,2026-01-29 09:13:35,4.6,64.0,0.48421052631578937,0.0,0.625
B0LDFSQPLR,马厂老火锅(静安大宁店),餐饮服务;中餐厅;火锅店,050117,中建幸福空间场中路2020号(免费停车两小时),"121.451727,31.305101",121.451727,31.305101,17675741229,上海市,上海市,静安区,,,2026-01-29 09:13:35,4.5,128.0,0.47368421052631576,0.0,0.37499999999999994
B0L2M5ZGIV,舒蔡记生煎菜饭(浙江中路店),餐饮服务;中餐厅;中餐厅,050100,浙江中路120号舒蔡记(人民广场地铁站3号口步行490米),"121.480045,31.232014",121.480045,31.232014,13818144573,上海市,上海市,黄浦区,,,2026-01-29 09:13:35,4.5,26.0,0.47368421052631576,0.0,0.625
B0FFHPMNNM,满记南门涮肉(人民广场店),餐饮服务;中餐厅;火锅店,050117,淮海中路街道淮海中路98号金钟广场2楼,"121.478854,31.225785",121.478854,31.225785,13764228729,上海市,上海市,黄浦区,,,2026-01-29 09:13:35,4.5,99.0,1.0,0.0,0.625
B0J0US384C,SOGOOD蛮好·家烧,餐饮服务;中餐厅;中餐厅,050100,复兴中路1465号(常熟路地铁站7号口步行320米),"121.449099,31.210513",121.449099,31.210513,18621927285,上海市,上海市,徐汇区,,,2026-01-29 09:13:35,4.5,148.0,0.47368421052631576,0.0,0.37499999999999994
B0FFI5UVG0,椰庭海南椰子鸡火锅(虹桥南丰城店),餐饮服务;中餐厅;中餐厅,050100,遵义路100号南丰城南区5楼506,"121.407690,31.207236",121.40769,31.207236,021-52200608,上海市,上海市,长宁区,,,2026-01-29 09:13:35,4.4,112.0,0.4631578947368421,0.0,0.37499999999999994
B0FFJBC24O,蛙来哒(人广来福士店),餐饮服务;中餐厅;中餐厅,050100,西藏中路268号来福士广场6层07B-07C号,"121.476577,31.232384",121.476577,31.232384,18577854418,上海市,上海市,黄浦区,,,2026-01-29 09:13:35,4.4,86.0,0.4631578947368421,0.0,0.625
B0KGCX9ABS,南里山房(上海来福士广场店),餐饮服务;中餐厅;中餐厅,050100,西藏中路268号上海来福士广场F6层,"121.476607,31.232454",121.476607,31.232454,13564533340,上海市,上海市,黄浦区,,,2026-01-29 09:13:35,4.5,140.0,1.0,0.0,0.37499999999999994
B0FFFBEBXN,利苑酒家(IAPM店),餐饮服务;中餐厅;广东菜(粤菜),050103,淮海中路999号环贸广场L4-401(近陕西南路),"121.458720,31.216174",121.45872,31.216174,021-54252283;17717699720,上海市,上海市,徐汇区,,,2026-01-29 09:13:35,4.5,313.0,0.47368421052631576,0.0,0.37499999999999994
B0H06SBI8N,来意艺术中餐厅(外滩店),餐饮服务;餐饮相关场所;餐饮相关,050000,福州路与中山东一路交叉口西南60米,"121.489931,31.235183",121.489931,31.235183,021-63027707;17600431016,上海市,上海市,黄浦区,,,2026-01-29 09:13:35,4.4,333.0,0.4631578947368421,0.0,0.37499999999999994
B0I0FSKVQ6,大树餐厅(世纪汇店),餐饮服务;中餐厅;中餐厅,050100,世纪大道1192号世纪汇广场F2层,"121.527639,31.226866",121.527639,31.226866,021-50905037,上海市,上海市,浦东新区,,,2026-01-29 09:13:35,4.6,113.0,0.48421052631578937,0.0,0.37499999999999994
B0FFH2A8Y0,清真·穆斯林玛丽亚餐厅,餐饮服务;快餐厅;快餐厅,050300,浙江中路70号-1号,"121.480525,31.231567",121.480525,31.231567,021-63463717,上海市,上海市,黄浦区,,,2026-01-29 09:13:35,4.6,78.0,0.48421052631578937,0.0,1.0
B0FFIBN4N5,海上铂悦餐厅,餐饮服务;中餐厅;中餐厅,050100,祝桥镇晨阳路815号近物流大道,"121.766186,31.178202",121.766186,31.178202,021-68869880,上海市,上海市,浦东新区,,,2026-01-29 09:13:35,4.7,105.0,0.49473684210526314,0.0,0.37499999999999994
B0HAMS1SDM,静安50中餐厅,餐饮服务;中餐厅;中餐厅,050100,愚园东路58号(静安寺地铁站6号口步行290米),"121.448026,31.226225",121.448026,31.226225,021-52922399,上海市,上海市,静安区,,,2026-01-29 09:13:35,4.4,674.0,0.4631578947368421,0.0,0.37499999999999994
B0FFFA26FO,小灶王(嘉定澄浏中路店),餐饮服务;中餐厅;综合酒楼,050101,澄浏中路2555-2559号,"121.279176,31.380359",121.279176,31.380359,021-60765677;021-60822577;13651622860,上海市,上海市,嘉定区,,,2026-01-29 09:13:35,4.6,96.0,0.48421052631578937,0.0,1.0
B0HUAH3CP3,绿茶餐厅(上海浦东汇智店),餐饮服务;中餐厅;中餐厅|餐饮服务;冷饮店;冷饮店,050100|050700,金科路3057号汇智国际商业中心F2层,"121.601062,31.203342",121.601062,31.203342,021-58887727,上海市,上海市,浦东新区,,,2026-01-29 09:13:36,4.6,63.0,0.48421052631578937,0.0,0.8333333333333334
B0FFLH6CJ5,御翠轩中餐厅,餐饮服务;中餐厅;中餐厅,050100,花木路1883弄96号1层,"121.562219,31.214371",121.562219,31.214371,021-50825777,上海市,上海市,浦东新区,,,2026-01-29 09:13:36,4.4,240.0,0.4631578947368421,0.0,0.5
B0J3ALSICY,晶公馆(重庆南路店),餐饮服务;中餐厅;广东菜(粤菜),050103,重庆南路与复兴中路交叉口南100米,"121.470318,31.214758",121.470318,31.214758,021-33935757;021-58695757,上海市,上海市,黄浦区,,,2026-01-29 09:13:36,4.5,635.0,0.47368421052631576,0.0,0.5
B0KGJA0N67,绿茶餐厅(上海华润国华店),餐饮服务;中餐厅;中餐厅,050100,闸殷路1555号3层314-316号商铺,"121.511147,31.311745",121.511147,31.311745,18879747879,上海市,上海市,杨浦区,,,2026-01-29 09:13:36,4.5,66.0,0.47368421052631576,0.0,0.8333333333333334
B0J0UY001X,今筵·J TASTE(思南公馆),餐饮服务;中餐厅;广东菜(粤菜),050103,复兴中路523弄5号,"121.468747,31.215053",121.468747,31.215053,021-63277017,上海市,上海市,黄浦区,,,2026-01-29 09:13:36,4.3,359.0,0.4526315789473684,0.0,0.5
B0LAYHYZ2K,陶醉苑本帮菜餐厅,购物服务;购物相关场所;购物相关场所,060000,660号万宝国际商务中心B栋27幢102室,"121.421073,31.205027",121.421073,31.205027,13611990581,上海市,上海市,长宁区,,,2026-01-29 09:13:36,4.4,120.0,0.4631578947368421,0.0,0.5
B0GKCKQ7KQ,子福慧(淮海路店),餐饮服务;中餐厅;广东菜(粤菜),050103,淮海中路138号上海广场2F层,"121.477908,31.225668",121.477908,31.225668,18511725678,上海市,上海市,黄浦区,,,2026-01-29 09:13:36,4.4,498.0,0.4631578947368421,0.0,0.5
B0JBTZ4FN5,LING LONG凌珑餐厅,餐饮服务;餐饮相关场所;餐饮相关,050000,中山东一路2号上海外滩华尔道夫酒店一楼105室,"121.489814,31.233544",121.489814,31.233544,021-23290313,上海市,上海市,黄浦区,,,2026-01-29 09:13:36,4.4,2368.0,0.4631578947368421,0.0,0.5
B0JAXU1MJM,胡子大厨·湖南小炒(淮海巴黎春天店),餐饮服务;中餐厅;中餐厅,050100,淮海中路939-949号1号楼地下一层B1F-号14、号15,"121.459489,31.216318",121.459489,31.216318,15317096293,上海市,上海市,黄浦区,,,2026-01-29 09:13:36,4.3,57.0,0.4526315789473684,0.0,0.8333333333333334
B0FFH7VV0F,宝石花瀚海明玉酒店·中餐厅·本帮菜,餐饮服务;中餐厅;中餐厅,050100,周家嘴路1888号酒店2层(中餐厅),"121.515105,31.265654",121.515105,31.265654,021-61203000;13402082393,上海市,上海市,杨浦区,,,2026-01-29 09:13:36,4.4,128.0,0.4631578947368421,0.0,1.0
B0FFK3RPXP,绿茶餐厅(上海南方商城店),餐饮服务;中餐厅;浙江菜,050106,梅陇镇沪闵路7388号南方商城购物中心四楼,"121.400570,31.131453",121.40057,31.131453,021-33360567,上海市,上海市,闵行区,,,2026-01-29 09:13:36,4.5,64.0,0.47368421052631576,0.0,0.8333333333333334
B0K2PPI0LI,上海正顶菜馆本帮菜,餐饮服务;中餐厅;中餐厅,050100,四川中路324号与南京东路交叉口,"121.488193,31.237828",121.488193,31.237828,19821616711,上海市,上海市,黄浦区,,,2026-01-29 09:13:36,4.6,93.0,0.48421052631578937,0.0,0.8333333333333334
B0JRJAFURI,马兰头中餐厅小酒馆,餐饮服务;餐饮相关场所;餐饮相关,050000,马当路388号SOHO复兴广场F1层,"121.474386,31.215256",121.474386,31.215256,13012861761,上海市,上海市,黄浦区,,,2026-01-29 09:13:36,4.4,165.0,0.4631578947368421,0.0,0.5
B0FFKPNJVW,蘭心餐厅(白玉兰广场店),餐饮服务;中餐厅;中餐厅,050100,东长治路588号白玉兰购物中心3楼L3-10商铺-A,"121.498230,31.249401",121.49823,31.249401,13916929585;13980531510,上海市,上海市,虹口区,,,2026-01-29 09:13:36,4.5,127.0,1.0,0.0,0.5
B00156EHW5,东北人家(中外运大厦店),餐饮服务;中餐厅;特色/地方风味餐厅,050118,福建中路206号(南京东路地铁站4号口步行350米),"121.481513,31.234263",121.481513,31.234263,021-63757595;15221811788,上海市,上海市,黄浦区,,,2026-01-29 09:13:36,4.6,70.0,0.48421052631578937,0.0,0.8333333333333334
B0K02542YE,金海逸餐厅,餐饮服务;中餐厅;中餐厅,050100,茂园路260号7幢8号楼,"121.481784,30.954350",121.481784,30.95435,15601986620,上海市,上海市,奉贤区,,,2026-01-29 09:13:36,4.5,124.0,0.47368421052631576,0.0,0.5
B00154NQD7,王宝和酒家(黄浦店),餐饮服务;中餐厅;综合酒楼,050101,福州路603号(近浙江中路),"121.479438,31.232557",121.479438,31.232557,021-63223673,上海市,上海市,黄浦区,,,2026-01-29 09:13:36,4.5,167.0,0.47368421052631576,0.0,1.0
B0J6GCN1ZE,上海外滩W酒店艳中餐厅,餐饮服务;餐饮相关场所;餐饮相关,050000,旅顺路66号上海外滩W酒店5层&6层,"121.496452,31.249024",121.496452,31.249024,021-22869965,上海市,上海市,虹口区,,,2026-01-29 09:13:36,4.3,447.0,0.4526315789473684,0.0,1.0
B0FFLNRJFX,宝丽轩中餐厅,餐饮服务;中餐厅;中餐厅,050100,山西北路108弄(天潼路地铁站5号口步行180米),"121.482140,31.242846",121.48214,31.242846,021-36067788,上海市,上海市,静安区,,,2026-01-29 09:13:36,4.4,839.0,0.4631578947368421,0.0,0.5
B001520A7F,阳光餐厅(襄阳南路店),餐饮服务;中餐厅;中餐厅,050100,襄阳南路510弄10号(嘉善路地铁站5号口步行440米),"121.458017,31.204656",121.458017,31.204656,021-64670996,上海市,上海市,徐汇区,,,2026-01-29 09:13:36,4.5,86.0,0.47368421052631576,0.0,0.8333333333333334
B0HA61FVNG,丝路新疆烤肉餐厅,餐饮服务;中餐厅;特色/地方风味餐厅,050118,宛平南路850号,"121.451357,31.184052",121.451357,31.184052,13817211716;18116226936,上海市,上海市,徐汇区,,,2026-01-29 09:13:36,4.5,82.0,0.47368421052631576,0.0,0.8333333333333334
B0JD0AZL2I,沧浪亭(思南路店),餐饮服务;中餐厅;中餐厅,050100,思南路8号(淮海中路地铁站1号口步行150米),"121.465894,31.219262",121.465894,31.219262,021-53067325,上海市,上海市,黄浦区,,,2026-01-29 09:13:36,4.5,30.0,0.47368421052631576,0.0,0.8333333333333334
B0LAL1PGL5,寄畅兴·百年蟹黄面·露台餐厅(豫园城隍庙店),餐饮服务;中餐厅;中餐厅,050100,旧校场路159号豫园百货近7号门天裕楼三楼,"121.491254,31.225462",121.491254,31.225462,18221688546,上海市,上海市,黄浦区,,,2026-01-29 09:13:36,4.5,82.0,0.47368421052631576,0.0,0.8333333333333334
B0JBK12SL2,细记港九大牌档(K11店),餐饮服务;中餐厅;中餐厅,050100,淮海中路300号K11购物艺术中心306A室,"121.473516,31.223446",121.473516,31.223446,021-63290869,上海市,上海市,黄浦区,,,2026-01-29 09:13:36,4.5,121.0,0.47368421052631576,0.0,0.5
B0KDMC7YIW,Rx·方子·新中餐小酒馆,餐饮服务;中餐厅;中餐厅,050100,瑞金二路115号,"121.465254,31.214323",121.465254,31.214323,13564947794;13817041090,上海市,上海市,黄浦区,,,2026-01-29 09:13:36,4.5,173.0,0.47368421052631576,0.0,0.5
B0HGK6EJIQ,虾蛙满堂(田林店),餐饮服务;中餐厅;中餐厅,050100,田林路116号后排1楼(桂林公园地铁站6号口步行300米),"121.416720,31.170409",121.41672,31.170409,13701834978,上海市,上海市,徐汇区,,,2026-01-29 09:13:37,4.6,88.0,0.48421052631578937,0.0,0.625
B0JA74YIU5,新白鹿餐厅(百联临沂店),餐饮服务;餐饮相关场所;餐饮相关,050000,临沂路140-180号百联临沂购物中心3F,"121.512060,31.195235",121.51206,31.195235,021-55781087,上海市,上海市,浦东新区,,,2026-01-29 09:13:37,4.4,80.0,0.4631578947368421,0.0,0.625
B0KAFCMIY0,醉湘亭·宴请餐厅(中骏店),餐饮服务;中餐厅;湖南菜(湘菜),050108,申长路1688弄9号1层09-10109-102A09-103A,"121.313890,31.213363",121.31389,31.213363,18202164473,上海市,上海市,闵行区,,,2026-01-29 09:13:37,4.4,111.0,0.4631578947368421,0.0,0.37499999999999994
B0FFHRQ7BR,邵松沪味园·海鲜·本帮菜(昌里路店),餐饮服务;中餐厅;海鲜酒楼|餐饮服务;中餐厅;上海菜,050119|050107,昌里路111号,"121.500819,31.175499",121.500819,31.175499,021-58307117;18001905363,上海市,上海市,浦东新区,,,2026-01-29 09:13:37,4.7,81.0,0.49473684210526314,0.0,1.0
B0HK6H7C3R,香港鲜入围煮(金钟广场店),餐饮服务;中餐厅;火锅店,050117,淮海中路98号金钟广场2楼(近柳林路),"121.479148,31.226066",121.479148,31.226066,021-63888003,上海市,上海市,黄浦区,,,2026-01-29 09:13:37,4.5,103.0,1.0,0.0,0.37499999999999994
B0FFF00H7M,萍萍餐厅(波阳路店),餐饮服务;中餐厅;中餐厅,050100,波阳路14号,"121.547635,31.270931",121.547635,31.270931,021-55135989;13817509972,上海市,上海市,杨浦区,,,2026-01-29 09:13:37,4.5,75.0,0.47368421052631576,0.0,0.625
B0KDX1RR7P,九五尊盐花园餐厅,餐饮服务;中餐厅;中餐厅,050100,昌化路与澳门路交叉口东北120米,"121.445268,31.247810",121.445268,31.24781,19921275177,上海市,上海市,普陀区,,,2026-01-29 09:13:37,4.4,283.0,0.4631578947368421,0.0,0.37499999999999994
B001573M46,家在塔啦烤全羊蒙古包餐厅(天钥桥路店),餐饮服务;中餐厅;西北菜,050115,天钥桥路214号哈尼美食广场4层,"121.442021,31.191147",121.442021,31.191147,021-64177277;15301688538;17321473686,上海市,上海市,徐汇区,,,2026-01-29 09:13:37,4.6,173.0,0.48421052631578937,0.0,0.37499999999999994
B0KULLCH1O,小美满餐厅,餐饮服务;中餐厅;中餐厅,050100,农元路585号,"121.654330,31.166702",121.65433,31.166702,13761559232;15300812922,上海市,上海市,浦东新区,,,2026-01-29 09:13:37,4.4,64.0,0.4631578947368421,0.0,0.625
B00155HCIN,三好坞景观餐厅,餐饮服务;中餐厅;中餐厅,050100,四平路1249号,"121.504004,31.285436",121.504004,31.285436,021-65987312;021-65987330,上海市,上海市,杨浦区,,,2026-01-29 09:13:37,4.5,59.0,0.47368421052631576,0.0,0.625
B0FFIWGDNY,黔香阁(大上海时代广场店),餐饮服务;中餐厅;云贵菜,050114,淮海中路99号大上海时代广场6层L603,"121.478176,31.224356",121.478176,31.224356,021-63911779,上海市,上海市,黄浦区,,,2026-01-29 09:13:37,4.4,137.0,0.9894736842105263,0.0,0.37499999999999994
B0HUP6MYSV,醉辉皇(七宝中央商务区店),餐饮服务;中餐厅;中餐厅,050100,上坤路77弄融信上坤先番城3层,"121.355179,31.163990",121.355179,31.16399,021-61821091;021-61821092,上海市,上海市,闵行区,,,2026-01-29 09:13:37,4.4,172.0,0.4631578947368421,0.0,0.37499999999999994
B0JDRUQLNV,蹦牙餐厅,餐饮服务;中餐厅;中餐厅,050100,珠湖路547-549号,"121.048525,31.117225",121.048525,31.117225,18964844686,上海市,上海市,青浦区,,,2026-01-29 09:13:37,4.4,144.0,0.4631578947368421,0.0,0.37499999999999994
B0K6MHFWLV,祥府·洋房餐厅,餐饮服务;中餐厅;中餐厅,050100,长宁区虹桥路1650号A栋(水城路地铁站2号口步行220米),"121.394433,31.199534",121.394433,31.199534,021-62186810;13046656606,上海市,上海市,长宁区,,,2026-01-29 09:13:37,4.4,387.0,0.4631578947368421,0.0,0.37499999999999994
B0G3SXXTKX,衡山花园酒店-百花园中餐厅,餐饮服务;餐饮相关场所;餐饮相关,050000,衡山路516号衡山花园酒店2楼(近吴兴路),"121.443830,31.201680",121.44383,31.20168,18717814145,上海市,上海市,徐汇区,,,2026-01-29 09:13:37,4.4,285.0,0.4631578947368421,0.0,0.7499999999999999
B0K63PQ0M2,万盏餐厅(上海月星环球港店),餐饮服务;餐饮相关场所;餐饮相关,050000,中山北路3300号环球港L3层(汤姆熊旁边),"121.412411,31.232586",121.412411,31.232586,15900708738,上海市,上海市,普陀区,,,2026-01-29 09:13:37,4.3,153.0,0.4526315789473684,0.0,0.37499999999999994
B0IRXRXMRP,新白鹿餐厅(嘉定大融城店),餐饮服务;中餐厅;浙江菜,050106,宝安公路3386号大融城4F,"121.279999,31.330580",121.279999,31.33058,021-69110899,上海市,上海市,嘉定区,,,2026-01-29 09:13:37,4.3,76.0,0.4526315789473684,0.0,0.625
B0L2D597Y2,阳春三记,餐饮服务;中餐厅;中餐厅,050100,上海城区西藏中路289号1楼人民广场地铁20出口,"121.474875,31.233025",121.474875,31.233025,15349460192,上海市,上海市,黄浦区,,,2026-01-29 09:13:37,4.5,38.0,0.47368421052631576,0.0,0.625
B0FFF3SSBS,绣丽餐厅(张江天之骄子店),餐饮服务;中餐厅;中餐厅,050100,祖冲之路2305号天之骄子生活新天地120号2层,"121.628297,31.211892",121.628297,31.211892,021-68908906,上海市,上海市,浦东新区,,,2026-01-29 09:13:37,4.6,91.0,0.48421052631578937,0.0,0.625
B0KAXHBDH3,清真.卡德尔大叔新疆主题餐厅(大拇指广场店),餐饮服务;中餐厅;清真菜馆,050121,芳甸路199弄40号,"121.559573,31.226277",121.559573,31.226277,18001750859,上海市,上海市,浦东新区,,,2026-01-29 09:13:38,4.4,74.0,0.9791666666666669,0.0,0.5555555555555556
B0KGOYKSKJ,上海野生动物园-老虎餐厅,餐饮服务;餐饮相关场所;餐饮相关,050000,南六公路178号上海野生动物园,"121.720935,31.054195",121.720935,31.054195,021-58036981,上海市,上海市,浦东新区,,,2026-01-29 09:13:38,4.5,75.0,0.9895833333333335,0.0,0.5555555555555556
B0H1OCUFUU,上海陆家嘴禧玥酒店·餐厅·沫八,餐饮服务;中餐厅;中餐厅,050100,浦明路与潍坊西路交叉口南160米,"121.512409,31.219300",121.512409,31.2193,021-60128218,上海市,上海市,浦东新区,,,2026-01-29 09:13:38,4.4,151.0,0.45833333333333337,0.0,0.6666666666666667
B0KKFSPBKH,眉州东坡经典川菜(上海来福士广场),餐饮服务;中餐厅;四川菜(川菜),050102,西藏中路268号上海来福士广场L5层05-07N,"121.476201,31.232482",121.476201,31.232482,021-53067169,上海市,上海市,黄浦区,,,2026-01-29 09:13:38,4.4,105.0,0.9791666666666669,0.0,0.33333333333333337
B00156G53E,陕西大厦-长安宴(陕西驻沪办店),餐饮服务;中餐厅;中餐厅,050100,延安中路658号陕西大厦F4层,"121.461678,31.224248",121.461678,31.224248,021-52624866,上海市,上海市,静安区,,,2026-01-29 09:13:38,4.4,77.0,0.45833333333333337,0.0,0.5555555555555556
B0LR9ZP13Y,小孃孃(思南公馆店),餐饮服务;中餐厅;中餐厅,050100,复兴中路531号,"121.468139,31.215161",121.468139,31.215161,18202187114,上海市,上海市,黄浦区,,,2026-01-29 09:13:38,4.4,123.0,0.45833333333333337,0.0,0.33333333333333337
B0HUACCIEE,蔡澜点心(上海来福士广场店),餐饮服务;快餐厅;茶餐厅,050305,西藏中路268号上海来福士广场B1层,"121.476262,31.232696",121.476262,31.232696,021-63309500,上海市,上海市,黄浦区,,,2026-01-29 09:13:38,4.5,89.0,0.9895833333333335,0.0,0.8888888888888891
B00155HD16,扬州饭店(南京东路店),餐饮服务;中餐厅;综合酒楼,050101,福建中路345号靠近南京路步行街,"121.480145,31.236145",121.480145,31.236145,021-63225266,上海市,上海市,黄浦区,,,2026-01-29 09:13:38,4.4,108.0,0.45833333333333337,0.0,1.0
B0K26UYCW9,细记港九大牌档(长宁龙之梦店),餐饮服务;中餐厅;中餐厅,050100,长宁路1018号龙之梦城市生活中心(长宁店)6楼6031-6033室,"121.416136,31.219568",121.416136,31.219568,021-62260697,上海市,上海市,长宁区,,,2026-01-29 09:13:38,4.3,104.0,0.4479166666666667,0.0,0.33333333333333337
B0LU7ZYAZ9,绿茶餐厅(上海青浦宝龙店),餐饮服务;中餐厅;中餐厅,050100,汇金路590号青浦宝龙广场4F层,"121.153418,31.162324",121.153418,31.162324,18879747879,上海市,上海市,青浦区,,,2026-01-29 09:13:38,4.3,67.0,0.4479166666666667,0.0,0.5555555555555556
B0K1GLW1FB,四季和府(城中希尔顿店),餐饮服务;中餐厅;中餐厅,050100,延安西路488号上海城中希尔顿酒店3楼L301,"121.437013,31.217523",121.437013,31.217523,18916369792,上海市,上海市,长宁区,,,2026-01-29 09:13:38,4.4,244.0,0.45833333333333337,0.0,0.33333333333333337
B0J1US59ZM,江悦荟餐厅,餐饮服务;中餐厅;综合酒楼,050101,都会路与金都路交叉口东南100米,"121.410527,31.086145",121.410527,31.086145,17702125222,上海市,上海市,闵行区,,,2026-01-29 09:13:38,4.4,140.0,0.45833333333333337,0.0,0.6666666666666667
B0FFIC0Q9C,西贝(古北1699广场店),餐饮服务;中餐厅;西北菜,050115,古北路1699号B1层105-1105-2105-3105-4单元,"121.402611,31.188011",121.402611,31.188011,18116096725,上海市,上海市,闵行区,,,2026-01-29 09:13:38,4.6,82.0,1.0,0.0,0.5555555555555556
B0I3Z5X09Z,福餐厅(中凯城市之光店),餐饮服务;中餐厅;广东菜(粤菜),050103,大沽路431号,"121.465929,31.225633",121.465929,31.225633,15921709033,上海市,上海市,静安区,,,2026-01-29 09:13:38,4.4,247.0,0.45833333333333337,0.0,0.33333333333333337
B0FFL8G4AF,凤礼宴,餐饮服务;中餐厅;中餐厅,050100,场中路4098弄22号1层(场中路地铁站1号口步行340米),"121.415055,31.300862",121.415055,31.300862,18917689900,上海市,上海市,宝山区,,,2026-01-29 09:13:38,4.4,279.0,0.45833333333333337,0.0,0.33333333333333337
B0L1HCXYU0,贵Guui(上海环贸iapm店),餐饮服务;中餐厅;中餐厅,050100,淮海中路999号5楼517贵Guui,"121.458461,31.215613",121.458461,31.215613,18701771508,上海市,上海市,徐汇区,,,2026-01-29 09:13:38,4.4,117.0,0.45833333333333337,0.0,0.33333333333333337
B0FFGCTP5U,乐中乐邻家餐厅,餐饮服务;中餐厅;中餐厅,050100,莘庄镇疏影路878号,"121.364847,31.119598",121.364847,31.119598,021-33501811,上海市,上海市,闵行区,,,2026-01-29 09:13:38,4.6,70.0,0.47916666666666663,0.0,0.5555555555555556
B00156M2PV,金轩中餐厅Jin Xuan,餐饮服务;中餐厅;中餐厅,050100,世纪大道8号上海国金中心53层,"121.501254,31.236383",121.501254,31.236383,021-20201717,上海市,上海市,浦东新区,,,2026-01-29 09:13:38,4.3,708.0,0.4479166666666667,0.0,0.33333333333333337
B0K2RCEEFB,FULLLI福里餐厅,餐饮服务;中餐厅;中餐厅,050100,陕西南路233号201室,"121.461829,31.209652",121.461829,31.209652,[],上海市,上海市,黄浦区,,,2026-01-29 09:13:38,4.5,137.0,0.46875000000000006,0.0,0.33333333333333337
B0FFH5GUQ0,彩丰楼中餐厅(国家会展中心上海洲际酒店店),餐饮服务;中餐厅;中餐厅,050100,诸光路1700号(国家会展中心3号门)国家会展中心上海洲际酒店一层,"121.301220,31.185838",121.30122,31.185838,021-67001880,上海市,上海市,青浦区,,,2026-01-29 09:13:38,4.3,259.0,0.4479166666666667,0.0,0.6666666666666667
B0JAKMMAMR,小菜园新徽菜(上海松江开元地中海店),餐饮服务;中餐厅;安徽菜(徽菜),050109,新松江路925号开元地中海3楼3063、3064号,"121.219976,31.037646",121.219976,31.037646,18761612615,上海市,上海市,松江区,,,2026-01-29 09:13:38,4.3,83.0,0.4479166666666667,0.0,0.5555555555555556
B0LUJCB62E,港丽餐厅(爱琴海缤纷里店),餐饮服务;中餐厅;中餐厅,050100,枫泾镇乐纷路268号南里二层G3-202港丽餐厅,"121.095585,30.884387",121.095585,30.884387,021-57275776,上海市,上海市,金山区,,,2026-01-29 09:13:38,4.4,113.0,0.45833333333333337,0.0,0.33333333333333337
B0L2LXPNKP,京二叔铜锅涮肉(洛场路店),餐饮服务;中餐厅;火锅店,050117,动漫大场文渊楼南门旁(场中路地铁站2号口步行100米),"121.412843,31.302555",121.412843,31.302555,13681642345,上海市,上海市,宝山区,,,2026-01-29 09:13:38,4.4,137.0,0.45833333333333337,0.0,0.33333333333333337
B0LR2Z5CXV,瓯江渔市(思南路26弄小区店),餐饮服务;中餐厅;海鲜酒楼,050119,思南路30-2号2层(淮海中路地铁站1号口步行210米),"121.466075,31.218774",121.466075,31.218774,19370760858,上海市,上海市,黄浦区,,,2026-01-29 09:13:38,4.4,136.0,0.45833333333333337,0.0,0.6666666666666667
B0J6KH7D3F,朗越会·空中景观餐厅,餐饮服务;餐饮相关场所;餐饮相关,050000,延安西路2000号虹桥宾馆30层,"121.410322,31.204271",121.410322,31.204271,021-52301080,上海市,上海市,长宁区,,,2026-01-29 09:13:38,4.3,375.0,0.4479166666666667,0.0,0.33333333333333337
B0GK4CP6DM,禾宴餐厅(北水湾大厦店),餐饮服务;中餐厅;中餐厅,050100,平城路811号北水湾大厦F2层,"121.248759,31.397755",121.248759,31.397755,021-59997788;18321300991;18817773331,上海市,上海市,嘉定区,,,2026-01-29 09:13:40,4.4,154.0,0.4680851063829787,0.0,0.5
B0J3ACPCBD,烨南·云上餐厅,餐饮服务;中餐厅;广东菜(粤菜),050103,浏翔公路1000号,"121.327644,31.311405",121.327644,31.311405,17321217990,上海市,上海市,嘉定区,,,2026-01-29 09:13:40,4.4,620.0,0.4680851063829787,0.0,0.5
B0K0VPGIJ5,圆通国际会议中心圆悦和府中餐厅,餐饮服务;中餐厅;中餐厅,050100,华新镇华卫路89号,"121.211830,31.223800",121.21183,31.2238,18021058332,上海市,上海市,青浦区,,,2026-01-29 09:13:40,4.3,255.0,0.4574468085106383,0.0,0.5
B0J0A19B79,Calme House·融圃花园餐厅,餐饮服务;中餐厅;中餐厅,050100,颛桥镇沪闵路3045号4号楼,"121.408223,31.052555",121.408223,31.052555,13901957224,上海市,上海市,闵行区,,,2026-01-29 09:13:40,4.4,177.0,0.4680851063829787,0.0,0.5
B00155KZ63,王宝和上海餐厅,餐饮服务;咖啡厅;咖啡厅,050500,九江路555号王宝和大酒店2楼(近福建中路),"121.480536,31.234785",121.480536,31.234785,021-53965000,上海市,上海市,黄浦区,,,2026-01-29 09:13:40,4.3,259.0,0.4574468085106383,0.0,0.5
B00156E5G2,上海静安洲际酒店-翠庭中餐厅,餐饮服务;中餐厅;中餐厅,050100,恒丰路500号上海静安洲际酒店5层,"121.453556,31.244704",121.453556,31.244704,021-52539999,上海市,上海市,静安区,,,2026-01-29 09:13:40,4.3,152.0,0.4574468085106383,0.0,1.0
B0KKPD3ASI,熊猫餐厅,餐饮服务;中餐厅;中餐厅,050100,浦泰路163号,"121.037386,31.117439",121.037386,31.117439,18817777505,上海市,上海市,青浦区,,,2026-01-29 09:13:40,4.4,143.0,0.4680851063829787,0.0,0.5
B0JUPU6GU1,凤园椰珍·椰子鸡(世纪汇店),餐饮服务;中餐厅;中餐厅,050100,世纪大道1192号世纪汇广场2层,"121.528230,31.227396",121.52823,31.227396,021-50760692,上海市,上海市,浦东新区,,,2026-01-29 09:13:40,4.4,108.0,0.4680851063829787,0.0,0.5
B0K30SYIDQ,绿茶餐厅(上海爱琴海店),餐饮服务;中餐厅;浙江菜,050106,虹井路120弄6号601室F6206号,"121.372829,31.175024",121.372829,31.175024,17300523767,上海市,上海市,闵行区,,,2026-01-29 09:13:40,4.4,71.0,0.4680851063829787,0.0,0.8333333333333334
B00155L9NA,霞飞阁餐厅(淮海中路店),餐饮服务;中餐厅;中餐厅,050100,淮海中路935号美臣大酒店8楼,"121.460096,31.217077",121.460096,31.217077,021-64661717;021-64662020,上海市,上海市,黄浦区,,,2026-01-29 09:13:40,4.2,105.0,0.44680851063829785,0.0,0.5
B0HK05CWZ5,小公馆Lafayette1315Bar,餐饮服务;中餐厅;中餐厅,050100,复兴中路1315号-1,"121.454867,31.211905",121.454867,31.211905,021-64377788,上海市,上海市,徐汇区,,,2026-01-29 09:13:40,4.3,131.0,0.4574468085106383,0.0,0.5
B0LBLRP3DK,绿茶餐厅(上海浦江万达店),餐饮服务;中餐厅;中餐厅,050100,永跃路360号上海浦江万达广场F4层,"121.511495,31.027520",121.511495,31.02752,15103996675,上海市,上海市,闵行区,,,2026-01-29 09:13:40,4.3,67.0,0.4574468085106383,0.0,0.8333333333333334
B00155M0AV,瓷园餐厅,餐饮服务;中餐厅;中餐厅|餐饮服务;茶艺馆;茶艺馆,050100|050600,定西路566号,"121.423132,31.203427",121.423132,31.203427,021-62818133,上海市,上海市,长宁区,,,2026-01-29 09:13:40,4.4,351.0,0.4680851063829787,0.0,0.5
B0JB65FKY0,御苑中餐厅,餐饮服务;餐饮相关场所;餐饮相关,050000,云锦路688号上海西岸美高梅酒店58楼,"121.458120,31.162589",121.45812,31.162589,021-60588848,上海市,上海市,徐汇区,,,2026-01-29 09:13:40,4.1,770.0,0.43617021276595735,0.0,0.5
B00155KZJ3,桂花楼淮扬中餐厅(浦东香格里拉大酒店),餐饮服务;中餐厅;中餐厅,050100,富城路33号香格里拉大酒店浦江楼1楼,"121.499120,31.235426",121.49912,31.235426,021-28286888,上海市,上海市,浦东新区,,,2026-01-29 09:13:40,4.2,326.0,0.44680851063829785,0.0,1.0
B0FFG4W2CK,煮流碗乐(码头美食街店),餐饮服务;中餐厅;中餐厅,050100,城中南路菜场街50弄18-19号,"121.111939,31.145878",121.111939,31.145878,021-59801077;13814875508,上海市,上海市,青浦区,,,2026-01-29 09:13:40,4.3,115.0,0.4574468085106383,0.5,0.5
B0HKTZ28IV,小场合农家生态主题餐厅,餐饮服务;中餐厅;中餐厅|体育休闲服务;休闲场所;休闲场所,050100|080500,长兴镇凤滨路258号2号楼9,"121.685665,31.390448",121.685665,31.390448,021-56851717,上海市,上海市,崇明区,,,2026-01-29 09:13:40,4.3,96.0,0.9893617021276596,0.0,0.8333333333333334
B0FFKATPXU,红料理|串串有瘾(大华店),餐饮服务;中餐厅;火锅店,050117,真华路950号大华第一坊F2层,"121.411260,31.272849",121.41126,31.272849,021-61172272,上海市,上海市,宝山区,,,2026-01-29 09:13:40,4.3,74.0,0.4574468085106383,0.0,0.8333333333333334
B00155HQ0P,上海博物馆餐厅,餐饮服务;中餐厅;中餐厅,050100,人民大道201号上海博物馆(人民广场馆),"121.476185,31.228350",121.476185,31.22835,13243007602,上海市,上海市,黄浦区,,,2026-01-29 09:13:40,4.4,55.0,1.0,0.0,0.8333333333333334
B0FFHB4ELM,翠华餐厅(虹桥综合交通枢纽),餐饮服务;中餐厅;中餐厅,050100,虹桥路2550号虹桥综合交通枢纽F4层DF405,"121.327238,31.194090",121.327238,31.19409,021-60719358,上海市,上海市,闵行区,,,2026-01-29 09:13:40,4.2,70.0,0.44680851063829785,1.0,0.8333333333333334
B0I13YNCGT,前香汇餐厅QT Kitchen(前滩香格里拉店),餐饮服务;中餐厅;中餐厅,050100,海阳西路551号前滩香格里拉酒店,"121.481465,31.151310",121.481465,31.15131,021-20659410;13801931031,上海市,上海市,浦东新区,,,2026-01-29 09:13:40,4.3,310.0,0.4574468085106383,0.0,0.5
B00155MCBD,丽娃餐厅,餐饮服务;中餐厅;中餐厅,050100,中山北路3663号华东师范大学,"121.405114,31.224661",121.405114,31.224661,021-62233237;13764781961;15021512611,上海市,上海市,普陀区,,,2026-01-29 09:13:40,4.4,36.0,0.4680851063829787,0.0,0.8333333333333334
B0K32A2ZCK,绿茶餐厅(上海美兰湖店),餐饮服务;中餐厅;浙江菜,050106,吉贝路中集金地广场A馆5楼(美兰湖地铁站2号口步行130米),"121.348866,31.401149",121.348866,31.401149,15800302178,上海市,上海市,宝山区,,,2026-01-29 09:13:40,4.3,70.0,0.4574468085106383,0.0,0.8333333333333334
B0FFIIOWX4,皇粤餐厅(尚悦湾店),餐饮服务;中餐厅;广东菜(粤菜),050103,银城路66号尚悦湾购物中心LGb1110b,"121.510600,31.240867",121.5106,31.240867,021-68778070;15821511162,上海市,上海市,浦东新区,,,2026-01-29 09:13:41,4.2,109.0,0.44680851063829785,0.0,0.37499999999999994
B00154HMA8,白荣餐厅,餐饮服务;中餐厅;中餐厅,050100,山西南路322号(南京东路地铁站1号口步行300米),"121.481474,31.239087",121.481474,31.239087,021-63509705,上海市,上海市,黄浦区,,,2026-01-29 09:13:41,4.4,100.0,0.4680851063829787,0.0,0.37499999999999994
B00156EPH2,新旺茶餐厅(浦东嘉里新博店),餐饮服务;快餐厅;茶餐厅,050305,方甸路1201号新国际博览中心102室,"121.564631,31.212492",121.564631,31.212492,021-58910362,上海市,上海市,浦东新区,,,2026-01-29 09:13:41,4.6,86.0,0.48936170212765945,0.0,1.0
B0JG0ADAEY,舅醉家,餐饮服务;中餐厅;特色/地方风味餐厅,050118,山东中路255号舅醉家(南京东路地铁站3号口步行190米),"121.484368,31.235396",121.484368,31.235396,19102167178,上海市,上海市,黄浦区,,,2026-01-29 09:13:41,4.4,83.0,0.4680851063829787,0.0,0.625
B0J3RAX2FG,蔡老板茂月私房菜(中博睿集贸市场店),餐饮服务;中餐厅;中餐厅,050100,海潮路23号中福花苑一期(南浦大桥地铁站3号口步行360米),"121.499692,31.210931",121.499692,31.210931,021-53098229;19121372188,上海市,上海市,黄浦区,,,2026-01-29 09:13:41,4.4,82.0,0.4680851063829787,0.0,1.0
B0015118CD,上海喀什友好·新疆歌舞表演餐厅,餐饮服务;中餐厅;清真菜馆,050121,德平路42号(近浦东大道),"121.557665,31.253183",121.557665,31.253183,15026777383;15801871818,上海市,上海市,浦东新区,,,2026-01-29 09:13:41,4.4,69.0,0.4680851063829787,0.0,0.625
B0K03XZCXM,湖南街道淮中社区食堂,餐饮服务;中餐厅;中餐厅,050100,淮海中路与复兴中路交叉口北60米,"121.448111,31.210917",121.448111,31.210917,[],上海市,上海市,徐汇区,,,2026-01-29 09:13:41,4.5,34.0,0.4787234042553191,0.0,1.0
B0FFKMZKS9,八面玲珑龙虾坊主题餐厅(仓场店),餐饮服务;中餐厅;中餐厅,050100,新成路街道仓场路2728号,"121.266677,31.381466",121.266677,31.381466,021-59989658;15216697196,上海市,上海市,嘉定区,,,2026-01-29 09:13:41,4.2,90.0,0.44680851063829785,0.0,0.625
B0LA5LTULJ,蓉尚·粤闽经典(南京东路艾迪逊店),餐饮服务;中餐厅;中餐厅,050100,江西中路与沙市二路交叉口西60米,"121.485975,31.237675",121.485975,31.237675,[],上海市,上海市,黄浦区,,,2026-01-29 09:13:41,4.2,193.0,0.44680851063829785,0.0,0.37499999999999994
B001573IUC,聚香苑港式融合餐厅,餐饮服务;快餐厅;茶餐厅,050305,襄阳北路4号,"121.454197,31.220615",121.454197,31.220615,021-54035747;13761621489;18964981489,上海市,上海市,静安区,,,2026-01-29 09:13:41,4.4,119.0,0.4680851063829787,0.0,0.7499999999999999
