name,x,y,address,type,city,demand
故宫博物院,116.397029,39.917839,景山前街4号,风景名胜;风景名胜;世界遗产|科教文化服务;博物馆;博物馆,北京,24.86745192512479
天安门广场,116.397755,39.903182,东长安街,风景名胜;风景名胜;红色景区|风景名胜;公园广场;城市广场,北京,17.03295005957993
天安门,116.397463,39.909187,长安街北侧,风景名胜;风景名胜;国家级景点,北京,6.471228235535696
天坛公园,116.410829,39.881913,天坛东里甲1号,风景名胜;公园广场;公园,北京,20.514425678434314
前门大街,116.403895,39.896152,小江胡同1号(前门地铁站G东南口步行320米),购物服务;特色商业街;特色商业街|风景名胜;风景名胜相关;旅游景点,北京,16.62830232627597
景山公园,116.396551,39.925875,景山西街44号,风景名胜;公园广场;公园,北京,11.408109284519252
毛主席纪念堂,116.397815,39.902517,前门东大街11号(天安门广场人民英雄纪念碑南面),风景名胜;风景名胜;纪念馆,北京,16.57744920228362
故宫博物院-午门,116.397228,39.913582,东华门街道景山前街4号故宫博物院内(南侧),风景名胜;风景名胜;风景名胜,北京,20.778122563880853
中山公园,116.394407,39.910707,中华路4号(天安门西侧),风景名胜;公园广场;公园,北京,20.077780909096177
天安门-城楼,116.397488,39.908717,东长安街天安门(天安门东地铁站A西北入口步行290米),风景名胜;风景名胜;国家级景点,北京,20.88250374981011
天安门广场-国旗,116.397554,39.906928,东华门街道景山前街4号天安门广场内(北侧),风景名胜;风景名胜;风景名胜,北京,10.471746856695079
南锣鼓巷,116.402394,39.937182,交道口街道南大街(南锣鼓巷地铁站E西北口旁),风景名胜;风景名胜;风景名胜,北京,7.186822515681257
北海公园,116.391802,39.928775,文津街1号,风景名胜;公园广场;公园,北京,6.741186660128755
太庙,116.399898,39.911374,东华门街道东长安街北京市劳动人民文化宫,风景名胜;风景名胜;寺庙道观,北京,19.413233437774977
景山公园-绮望楼,116.39672,39.924029,什刹海街道景山西街44号(故宫后门对面)景山公园内(南侧),风景名胜;风景名胜;风景名胜,北京,14.266864721009963
故宫博物院-神武门,116.396786,39.922305,景山前街4号北京故宫博物馆,风景名胜;风景名胜;国家级景点,北京,23.657718439354714
什刹海,116.385121,39.941893,地安门西大街49号,风景名胜;风景名胜;国家级景点,北京,7.295898065835393
天坛公园-祈年殿,116.412867,39.883659,天坛街道天坛东路甲1号天坛公园内,风景名胜;风景名胜;风景名胜,北京,12.89440863920986
正阳门箭楼,116.39791,39.899368,前门大街2号前门商业区A2地块,风景名胜;风景名胜;风景名胜,北京,9.037020009943264
雍和宫,116.417296,39.947239,雍和宫大街28号(雍和宫地铁站F东南口步行250米),风景名胜;风景名胜;风景名胜,北京,15.928991708016355
恭王府博物馆,116.386315,39.937222,前海西街17号,风景名胜;风景名胜;国家级景点,北京,13.196661230728871
北京明城墙遗址公园,116.427901,39.901264,崇文门东大街9号,风景名胜;公园广场;公园,北京,14.204126647000868
老舍故居,116.408367,39.91863,灯市口西街丰富胡同19号,风景名胜;风景名胜;纪念馆,北京,18.019755736055554
日坛公园,116.443795,39.915538,朝外街道朝阳门外日坛北路6号,风景名胜;公园广场;公园,北京,24.443211746649332
陶然亭公园,116.381921,39.874496,太平街19号,风景名胜;公园广场;公园,北京,14.977673548816936
鼓楼,116.395937,39.940781,钟楼湾胡同临字9号(什刹海地铁站A2西北口步行240米),风景名胜;风景名胜;风景名胜,北京,12.939166743925893
天主教北京总教区王府井天主堂东堂,116.411945,39.917288,王府井大街74号,风景名胜;风景名胜;教堂,北京,11.046481177669511
颐和园,116.275179,39.999617,新建宫门路19号,风景名胜;风景名胜;世界遗产,北京,7.127614401407589
敕建火德真君庙,116.395569,39.937013,地安门外大街77号(什刹海地铁站C口马路对面),风景名胜;风景名胜;寺庙道观,北京,15.246858771562419
龙潭中湖公园,116.432072,39.876755,左安门内大街19号,风景名胜;公园广场;公园,北京,20.381260915470957
北京悬空玻璃艺术馆,116.412114,39.915876,王府井大街银泰in88二层南侧(金鱼胡同地铁站B东口旁),风景名胜;风景名胜相关;旅游景点,北京,5.871911088886542
故宫博物院-养心殿,116.395676,39.919765,景山前街4号故宫博物院内,风景名胜;风景名胜;风景名胜,北京,17.15430565318814
北大红楼,116.405361,39.92471,五四大街29号,风景名胜;风景名胜;纪念馆,北京,16.64687222928028
东岳庙,116.44377,39.924932,朝阳门外大街141号,风景名胜;风景名胜;寺庙道观,北京,20.645449077831664
景山公园-万春亭,116.396715,39.924863,景山西街44号景山公园内,风景名胜;风景名胜;风景名胜,北京,16.861098277359186
法源寺,116.36988,39.885385,法源寺前街7号,风景名胜;风景名胜;寺庙道观,北京,6.780992812275411
北京东交民巷使馆建筑群,116.41262,39.901299,崇文门东交民巷(崇文门地铁站A1西北口步行290米),风景名胜;风景名胜相关;旅游景点,北京,8.068051839585742
正阳门城楼,116.397902,39.900583,前门大街北端,风景名胜;风景名胜相关;旅游景点,北京,11.053844908560977
广济寺,116.372321,39.924971,阜成门内大街25号(西四地铁站B东北口步行200米),风景名胜;风景名胜;寺庙道观,北京,17.382727402203695
人民英雄纪念碑,116.397691,39.904632,天安门广场(长安街中心),风景名胜;风景名胜;红色景区|风景名胜;风景名胜;纪念馆,北京,24.84022348899112
妙应寺白塔,116.363323,39.925652,阜成门内大街171号,风景名胜;风景名胜;寺庙道观,北京,16.8793431860963
国子监,116.413285,39.946777,国子监街13-15号,风景名胜;风景名胜;国家级景点,北京,8.223712292888807
故宫博物院-东北角楼,116.401021,39.922473,景山前街4号北京故宫博物馆,风景名胜;风景名胜;风景名胜,北京,18.68419066067001
智化寺,116.432325,39.917621,禄米仓胡同5号,风景名胜;风景名胜;寺庙道观,北京,5.581535737140728
故宫博物院-西南角楼,116.392983,39.913741,景山前街4号故宫博物院(西南角),风景名胜;风景名胜;风景名胜,北京,22.302770585927654
东单公园,116.41709,39.904917,崇文门内大街9号(东单地铁站H西南口步行380米),风景名胜;公园广场;公园,北京,20.086943723819267
故宫博物院-西北角楼,116.392575,39.92215,景山前街4号故宫博物院(西北角),风景名胜;风景名胜;风景名胜,北京,24.104385910416514
什刹海-后海,116.38526,39.943559,羊房胡同甲23-3号,风景名胜;风景名胜;风景名胜,北京,5.343698546285715
圆明园遗址公园,116.30096,40.008759,清华西路28号,风景名胜;风景名胜;国家级景点,北京,18.963853387911463
天坛公园-回音壁,116.413074,39.878072,天坛街道天坛路甲1号天坛公园内(东南角),风景名胜;风景名胜;风景名胜,北京,18.479740421883626
团结湖公园,116.464372,39.925741,团结湖南里路16号(呼家楼地铁站B东北口步行190米),风景名胜;公园广场;公园,北京,7.400805709245177
故宫博物院-端门,116.397413,39.910396,景山前街4号故宫博物院内(南侧),风景名胜;风景名胜;风景名胜,北京,22.149836733752288
大观园,116.355972,39.871365,南菜园街12号,风景名胜;风景名胜;省级景点,北京,12.974932686069483
北京动物园,116.336701,39.942105,西直门外大街137号,风景名胜;公园广场;动物园,北京,22.492917881034906
普度寺遗址,116.404659,39.913437,普度寺前巷,风景名胜;风景名胜;寺庙道观,北京,7.220762918149173
朝阳公园,116.482276,39.944093,朝阳公园南路1号,风景名胜;公园广场;公园,北京,10.787741768381107
地坛公园-地坛庙会,116.416041,39.952949,地坛公园内(近地坛庙会北门),风景名胜;风景名胜相关;旅游景点,北京,8.610365356397107
天桥,116.398772,39.886193,西草市街96号(珠市口地铁站G西南口步行320米),风景名胜;风景名胜;风景名胜,北京,15.023202254683394
纪晓岚故居,116.387191,39.890058,珠市口西大街241号(虎坊桥地铁站B东北口步行170米),风景名胜;风景名胜;纪念馆,北京,12.397775915666468
故宫博物院-九龙壁,116.400456,39.918526,景山前街4号故宫博物院宁寿宫内,风景名胜;风景名胜;风景名胜,北京,22.962424832795282
三庆园,116.396914,39.895887,大栅栏商业街18号(前门地铁站I西南口步行410米),体育休闲服务;影剧院;剧场|风景名胜;风景名胜相关;旅游景点,北京,17.185322825077414
先农坛,116.392206,39.876929,东经路21号北京古代建筑博物馆,风景名胜;风景名胜;风景名胜,北京,17.715133252589013
西城楼观旗点,116.395694,39.907843,西长安街与广场西侧路交叉口北20米,风景名胜;风景名胜;风景名胜,北京,8.601392361308571
北京鲁迅博物馆,116.358742,39.925693,阜城门内宫门口二条19号(阜成门地铁站B东北口步行260米),风景名胜;风景名胜;红色景区,北京,20.515206171263983
什刹海-前海,116.393076,39.936167,地安门西大街49号什刹海(东南角),风景名胜;风景名胜相关;旅游景点,北京,7.498939605865845
菖蒲河公园,116.403456,39.908566,菖蒲河沿9号(天安门东地铁站B东北口步行200米),风景名胜;公园广场;公园,北京,13.97234882517191
故宫博物院-御花园,116.39682,39.921459,景山前街4号故宫内,风景名胜;风景名胜;风景名胜,北京,21.748059277648142
天坛公园-双环万寿亭,116.406883,39.883629,天坛东路甲1号天坛公园内(西北角),风景名胜;风景名胜;风景名胜,北京,21.931295200782913
霱公府(不对外开放),116.37693,39.905022,西绒线胡同51号(西单地铁站D东南口步行480米),风景名胜;风景名胜;风景名胜,北京,8.654985248081527
黄瓦增福财神庙,116.403195,39.940976,鼓楼东大街117号,风景名胜;风景名胜;寺庙道观,北京,17.258199000428903
玉渊潭公园,116.319932,39.91662,西三环中路10号,风景名胜;风景名胜;国家级景点,北京,13.39095910823044
景山公园-明思宗殉国处,116.399039,39.924529,景山西街44号景山公园内(东南角),风景名胜;风景名胜;风景名胜,北京,23.16369762503478
北京基督教会崇文门堂,116.420483,39.902964,后沟胡同丁2号,风景名胜;风景名胜;教堂,北京,9.650187371037003
北京欢乐谷,116.494743,39.867355,东四环小武基北路,体育休闲服务;休闲场所;游乐场|风景名胜;风景名胜;国家级景点,北京,18.458556942248414
天坛公园-斋宫,116.406686,39.879763,天坛东路甲1号天坛公园内(西南角),风景名胜;风景名胜;风景名胜,北京,17.540506010481614
莲花池公园,116.315327,39.893297,西三环中路38号,风景名胜;公园广场;公园,北京,5.589490962492345
后海公园,116.38259,39.942143,后海北沿50号(近鼓楼西大街),风景名胜;公园广场;公园,北京,22.5292552692706
天坛公园-圜丘,116.413162,39.876964,天坛路甲1号天坛公园内(东南角),风景名胜;风景名胜;风景名胜,北京,21.034674147924402
王府井地下佛像,116.410136,39.91374,北京王府井百货大楼B2层,风景名胜;风景名胜;风景名胜,北京,18.378963751609582
紫竹院公园,116.319079,39.942352,中关村南大街35号,风景名胜;公园广场;公园,北京,17.27816888427412
故宫博物院-珍妃井,116.400115,39.921941,景山前街4号,风景名胜;风景名胜;风景名胜,北京,21.318366155077825
月坛公园,116.352221,39.916424,月坛北街甲6号,风景名胜;风景名胜;省级景点,北京,21.20889167748402
奥林匹克森林公园,116.392159,40.018635,科荟路33号,风景名胜;风景名胜;国家级景点,北京,19.180148746296965
北京奥林匹克公园,116.393096,40.009926,北辰东路15号(森林公园南门地铁站C东南口旁),风景名胜;风景名胜;国家级景点,北京,15.735972230113413
北京湖广会馆,116.384032,39.8889,虎坊路3号(虎坊桥路口西南),风景名胜;风景名胜;风景名胜,北京,12.791643333036832
陈独秀旧居,116.404106,39.917353,北池子大街箭杆胡同20号,风景名胜;风景名胜;纪念馆,北京,5.403397429920094
798·751园区,116.494784,39.985063,酒仙桥路4号,风景名胜;风景名胜;风景名胜,北京,16.48220534873689
故宫博物院-慈宁宫,116.394399,39.919066,东华门街道景山前街4号故宫博物院内(西北角),风景名胜;风景名胜;风景名胜,北京,11.013527195262258
嵩祝寺及智珠寺,116.403968,39.928403,景山后街嵩祝院23号,风景名胜;风景名胜;寺庙道观,北京,17.13931490200263
故宫博物院-文华殿,116.399345,39.915573,景山前街4号故宫博物院内(东南角),风景名胜;风景名胜;风景名胜,北京,11.083611179340513
肃亲王府(不对外开放),116.407307,39.905352,正义路与东长安街交叉口南280米,风景名胜;风景名胜相关;旅游景点,北京,17.164014486069362
三里河公园,116.405433,39.894234,北京前门街道中芦草园胡同与草厂三条交叉口西40米,风景名胜;公园广场;公园,北京,20.61133987336486
地坛公园(暂停开放),116.414443,39.953777,安定门外大街,风景名胜;公园广场;公园,北京,14.655898488927049
龙潭公园(暂停开放),116.438258,39.879792,龙潭路16号,风景名胜;风景名胜;国家级景点,北京,19.57795055889443
故宫博物院-珍宝馆,116.399941,39.919701,景山前街4号故宫博物院宁寿宫珍宝馆内,风景名胜;风景名胜;风景名胜|科教文化服务;展览馆;展览馆,北京,19.7442404208302
白云观,116.343778,39.901266,白云观街7号,风景名胜;风景名胜;寺庙道观,北京,21.777340901510232
天主教北京总教区西什库主教座堂(暂停开放),116.378751,39.925492,西什库大街33号,风景名胜;风景名胜;教堂,北京,21.523140339423417
贤良祠,116.386903,39.933736,地安门西大街甲103号(北海北地铁站B东北口步行210米),风景名胜;风景名胜;寺庙道观,北京,17.145619180794526
天主教北京总教区东交民巷圣弥厄尔天主堂,116.412118,39.903012,东交民巷甲13号,风景名胜;风景名胜;教堂,北京,11.390626276995162
奥林匹克公园中心区,116.392451,40.000039,科荟路33号奥林匹克森林公园内,风景名胜;公园广场;公园,北京,17.513822654504636
故宫博物院-延禧宫,116.398682,39.920502,故宫博物院内(东北角),风景名胜;风景名胜;风景名胜,北京,10.053669199476424
北京古观象台,116.434326,39.907206,建国门大街裱褙胡同2号(建国门地铁站C西南口步行130米),风景名胜;风景名胜;风景名胜,北京,12.944287975491095
中央电视塔,116.307016,39.918852,西三环中路11号(玉渊潭公园对面),风景名胜;风景名胜;国家级景点|科教文化服务;传媒机构;电视台,北京,15.635705675341146
北海公园-永安寺,116.389393,39.92435,什刹海街道文津街1号(故宫北)北海公园内(西南角),风景名胜;风景名胜;寺庙道观,北京,7.745194126464807
世界花卉大观园,116.353217,39.835332,南四环中路235号,风景名胜;公园广场;植物园,北京,14.320889559936932
银锭桥,116.393337,39.938999,前海后海交接处,风景名胜;风景名胜;风景名胜,北京,10.859689556584325
八大处公园,116.184358,39.962679,八大处路3号,风景名胜;风景名胜;国家级景点,北京,15.12032303405121
故宫博物院-乾清宫,116.396919,39.920238,东华门街道景山前街4号故宫博物院内,风景名胜;风景名胜;风景名胜,北京,14.287485198587733
天坛公园-东天门,116.417772,39.881568,天坛街道天坛路甲1号天坛公园内(东侧),风景名胜;风景名胜;风景名胜,北京,15.420429268342266
北京历代帝王庙,116.367443,39.924802,阜成门内大街131号,风景名胜;风景名胜;寺庙道观|政府机构及社会团体;政府及社会团体相关;政府及社会团体相关,北京,12.122560726435804
北京海洋馆,116.340971,39.944676,气象路6号,风景名胜;公园广场;水族馆,北京,10.720002098427091
天坛公园-北天门,116.41274,39.885763,天坛路甲1号天坛公园景区内,风景名胜;风景名胜;风景名胜,北京,22.131751552527966
世界公园,116.287794,39.810604,丰葆路158号(公园内),风景名胜;风景名胜;国家级景点,北京,10.860767393327471
永定门公园东城园区,116.399553,39.87497,永定门内大街与木料巷交叉口南220米,风景名胜;风景名胜;风景名胜,北京,23.11766606604495
北京动物园-北区,116.339523,39.944563,西直门外大街137号北京动物园内(东北角),风景名胜;公园广场;动物园,北京,11.448103213209112
北海公园-九龙壁,116.387599,39.931861,什刹海街道文津街1号(故宫北)北海公园西天梵境内,风景名胜;风景名胜;风景名胜,北京,24.090582814871684
北京工体富国海底世界,116.44702,39.928558,工人体育场南路1号,风景名胜;公园广场;水族馆,北京,21.911498415945374
天安门广场-正阳门,116.39785,39.900536,前门大街北端,风景名胜;风景名胜;风景名胜,北京,17.204815950207667
卢沟桥文化旅游区,116.225968,39.850383,宛平城,风景名胜;风景名胜;红色景区,北京,14.22231628918962
博大公园,116.503292,39.796373,亦庄天华南街,风景名胜;公园广场;公园,北京,6.949071624260068
升旗台,116.397559,39.906926,东华门街道东华门街道西长安街与广场西侧路交叉口东160米,风景名胜;风景名胜;风景名胜,北京,23.605600681687775
宛平城,116.226098,39.851436,卢沟桥南里10号,风景名胜;风景名胜;风景名胜,北京,11.951624906226296
景山公园-富览亭,116.394943,39.924588,景山西街44号景山公园内(西南角),风景名胜;风景名胜相关;旅游景点,北京,13.874216041028724
奥林匹克森林公园南园,116.391365,40.016194,北五环辅路奥林匹克森林公园,风景名胜;风景名胜;国家级景点,北京,6.451296368453039
广化寺,116.390893,39.941355,什刹海北边的鸦儿胡同31号,风景名胜;风景名胜;寺庙道观,北京,12.115707853159783
北京西山国家森林公园,116.193063,39.975185,闵庄路与香山南路交叉口西100米,风景名胜;风景名胜;省级景点,北京,24.034053204109654
龙潭西湖公园,116.428487,39.880779,龙潭路甲1号,风景名胜;公园广场;公园,北京,18.660018267009967
外金水桥,116.397663,39.908002,东长安街天安门内(天安门东地铁站A西北入口步行190米),风景名胜;风景名胜;风景名胜,北京,5.36296308842374
南海子公园,116.464223,39.777746,黄亦路16号,风景名胜;公园广场;公园,北京,10.089559650514142
元大都城垣遗址公园,116.408048,39.976114,育慧南路南口与北土城东路交叉口大牌坊南侧,风景名胜;风景名胜相关;旅游景点,北京,21.01244983740532
香山公园,116.188746,39.990107,香山买卖街40号,风景名胜;风景名胜;国家级景点,北京,17.989484574888202
余华和史铁生认领的树,116.415134,39.955862,和平里中街34号(和平里北街地铁站D西南口步行450米),风景名胜;风景名胜;风景名胜,北京,8.410512581106286
西交民巷,116.395072,39.901998,西交民巷19附近,风景名胜;风景名胜;风景名胜,北京,19.90871988065614
天坛公园-七星石,116.416109,39.883051,天坛街道天坛路甲1号天坛公园内(东侧),风景名胜;风景名胜;风景名胜,北京,12.701576562435301
勅建火神庙,116.388147,39.895334,琉璃厂东街29号,风景名胜;风景名胜;寺庙道观,北京,14.842553071878486
北海公园-白塔,116.389259,39.925826,文津街1号北海公园(西南角),风景名胜;风景名胜;风景名胜,北京,20.37000652184496
皇城根遗址公园,116.406563,39.923378,北河沿大街与地安门东大街交叉口南,风景名胜;公园广场;公园,北京,10.358701975514338
百望山森林公园,116.255631,40.029982,黑山扈北口19号,风景名胜;风景名胜;省级景点,北京,5.9511497288022746
庆丰公园,116.463961,39.903411,东三环中路39号,风景名胜;公园广场;公园,北京,19.463573842434837
模式口历史文化街区,116.16982,39.935117,模式口大街,风景名胜;风景名胜;风景名胜,北京,22.63243264932864
北京温榆河公园,116.485512,40.075917,京承高速与滨河路交叉口,风景名胜;公园广场;公园,北京,18.193532087924545
福海公园,116.402011,39.847163,永外高庄138号(大红门地铁站C东南口步行300米),风景名胜;公园广场;公园,北京,21.428452613944422
天主教北京总教区宣武门天主堂南堂,116.375098,39.90072,前门西大街141号(宣武门地铁站C东南口步行240米),风景名胜;风景名胜;教堂,北京,20.676072374296353
故宫博物院-东南角楼,116.401455,39.914044,景山前街4号故宫博物院(东南角),风景名胜;风景名胜;风景名胜,北京,20.15204813076906
北京园博园,116.190595,39.876665,射击场路15号,风景名胜;风景名胜;风景名胜,北京,15.650695372225886
永定门城楼,116.399324,39.872468,永定门内大街156号,风景名胜;风景名胜相关;旅游景点,北京,16.120254376819126
国家植物园北园,116.209385,40.001805,香山路与卧佛寺路交叉口,风景名胜;公园广场;植物园,北京,18.72586093686922
圆明园-绮春园景区,116.309512,40.002264,清华西路28号圆明园遗址内,风景名胜;风景名胜;国家级景点,北京,17.040178665467653
钟楼,116.39586,39.942439,安定门,风景名胜;风景名胜;风景名胜,北京,18.58908712390422
于谦祠,116.423332,39.9077,西裱褙胡同甲23号(东单地铁站C东南口步行300米),风景名胜;风景名胜;风景名胜,北京,12.287920121620132
国家植物园,116.210714,39.998036,香山卧佛寺路北京植物园,风景名胜;公园广场;植物园,北京,10.852695780556662
天宁寺,116.345962,39.894719,天宁寺前街甲3号,风景名胜;风景名胜;寺庙道观,北京,5.891637999381015
首钢园,116.155232,39.915415,石景山路68号,风景名胜;公园广场;公园,北京,24.56075362256519
宣武艺园,116.359246,39.895139,槐柏树街12号(近宣武医院、长椿街地铁站西南口),风景名胜;公园广场;公园,北京,24.320457522938185
故宫博物院-太和殿,116.397056,39.917321,东华门街道景山前街4号故宫内,风景名胜;风景名胜;风景名胜,北京,7.806015122614534
卢沟桥,116.220684,39.850474,宛平城西城门马路对面,风景名胜;风景名胜;国家级景点,北京,11.815232494693698
比利时使馆旧址,116.412434,39.901866,崇文门西大街9号(崇文门地铁站A1西北口步行370米),风景名胜;风景名胜;纪念馆,北京,24.14146472450273
报国寺,116.35951,39.891185,报国寺西夹道32号院(7号线广安门内地铁站B东北口20米),风景名胜;风景名胜;寺庙道观,北京,21.452587502548326
宋庆龄同志故居,116.383071,39.945525,后海北沿46号,风景名胜;风景名胜;纪念馆,北京,18.048518142868584
万松老人塔,116.373243,39.922117,北京市西长安街街道西四南大街43号,风景名胜;风景名胜;风景名胜,北京,14.18158063091721
西洋楼景区,116.312476,40.013375,圆明园-长春园内(北侧),风景名胜;风景名胜;世界遗产,北京,16.029958496626893
天桥市民广场,116.397788,39.883204,天桥南大街7号(天桥地铁站A西北口旁),风景名胜;公园广场;城市广场,北京,13.21351213915483
朝内大街81号,116.429413,39.924892,朝阳门内大街81号院(朝阳门地铁站H西南口步行220米),商务住宅;产业园区;产业园区|风景名胜;风景名胜;风景名胜,北京,13.119745381391166
北京中华民族博物院南园(暂停开放),116.3918,39.979951,亚运村街道民族园路1号,风景名胜;风景名胜;风景名胜,北京,22.681290639976382
故宫博物院-坤宁宫,116.396911,39.920821,东华门街道景山前街4号故宫博物院内(北侧),风景名胜;风景名胜;风景名胜,北京,22.888266523197213
徐悲鸿纪念馆,116.371478,39.945067,新街口北大街5号院(积水潭地铁站F口步行140米),风景名胜;风景名胜;纪念馆,北京,9.702534022634522
红领巾公园,116.491796,39.927301,后八里庄5号,风景名胜;公园广场;公园,北京,20.088896267702307
圆明园-长春园,116.3133,40.010192,清华西路28号圆明园景区内,风景名胜;风景名胜;风景名胜,北京,8.895202253773057
团城,116.389224,39.922978,文津街1号(故宫北)北海公园(西南角),风景名胜;风景名胜;风景名胜,北京,11.545991292675009
阙左门,116.397977,39.912778,东华门街道东华门街道景山前街4号故宫博物院内(南侧),风景名胜;风景名胜;风景名胜,北京,22.100327774084523
火神殿,116.395631,39.936872,地安门外大街77号北京火德真君庙,风景名胜;风景名胜;寺庙道观,北京,9.891270297962562
李大钊故居,116.365903,39.904721,文华胡同24号,风景名胜;风景名胜;风景名胜,北京,7.46816066536147
郭沫若故居,116.389306,39.934621,什刹海街道前海西街18号(什刹海西南岸),风景名胜;风景名胜;纪念馆,北京,24.860181636437805
奥林匹克森林公园北园,116.393173,40.027647,北京市奥运村街道科荟路33号,风景名胜;风景名胜;国家级景点,北京,7.890513078342689
正乙祠戏楼,116.385994,39.898796,和平门西河沿街220号(和平门地铁站C2东南口步行270米),体育休闲服务;影剧院;剧场|风景名胜;风景名胜相关;旅游景点,北京,12.14742490710928
北顶娘娘庙,116.39016,39.990468,天辰东路14号,风景名胜;风景名胜;寺庙道观,北京,16.917612226951547
北平图书馆旧址,116.385319,39.923461,什刹海街道什刹海街道文津街7号,风景名胜;风景名胜;纪念馆,北京,11.262042521712935
寿皇殿,116.396598,39.927518,景山西街44号景山公园内(北侧),风景名胜;风景名胜相关;旅游景点,北京,20.468009938479895
故宫博物院-神武门广场,116.39682,39.922481,景山前街4号,风景名胜;公园广场;城市广场,北京,5.1137122420710295
故宫博物院-武英殿,116.394593,39.915441,景山前街4号故宫博物院内(西南角),风景名胜;风景名胜;风景名胜,北京,24.337769154353396
护国观音寺,116.390637,39.894251,樱桃斜街8号,风景名胜;风景名胜;寺庙道观,北京,21.950994880949132
什刹海公园-观景平台,116.380933,39.943736,地安门西大街49号什刹海(西北角),风景名胜;风景名胜相关;旅游景点,北京,10.730199752052823
永定门公园,116.399134,39.875648,永定门内大街156号,风景名胜;风景名胜;风景名胜,北京,23.015562019147897
中国人民抗日战争纪念馆,116.225921,39.851796,卢沟桥城内街101号,风景名胜;风景名胜;纪念馆,北京,23.342447311212975
北京动物园-奥运熊猫馆,116.338825,39.939619,西直门外大街137号北京动物园(东南角),风景名胜;公园广场;动物园,北京,12.247750741107042
中法大学旧址,116.40703,39.928204,东皇城根北街甲20号,风景名胜;风景名胜;风景名胜,北京,11.846162793922472
兴隆公园,116.53366,39.9126,高碑店乡兴隆庄甲8号(近高碑店地铁站),风景名胜;公园广场;公园,北京,9.940490252482606
松榆清真寺,116.471554,39.876504,松榆北路与武圣东路交叉口西北60米,风景名胜;风景名胜;回教寺,北京,21.33453706802846
地坛的海,116.417341,39.953675,和平里西街75号(雍和宫地铁站A西北口步行480米),风景名胜;风景名胜;风景名胜,北京,17.071037972878642
天坛公园-丹陛桥,116.412887,39.879991,天坛路甲1号天坛公园内,风景名胜;风景名胜;风景名胜,北京,22.877301466336775
故宫博物院-储秀宫,116.395782,39.921192,景山前街4号故宫博物院内(北侧),风景名胜;风景名胜;风景名胜,北京,19.69947483025557
教学植物园,116.434911,39.874042,左安门西街11号,风景名胜;公园广场;植物园,北京,23.80901198584679
海淀公园,116.295122,39.986416,万柳镇新建宫门路2号(万泉河桥地铁站A西北口步行140米),风景名胜;公园广场;公园,北京,19.96270370271629
民族之夜,116.392245,39.982216,民族园路1号民族园南园北门,风景名胜;风景名胜;风景名胜,北京,12.479730314622095
颐和园-画中游,116.270926,39.998659,新建宫门路19号颐和园内(西侧),风景名胜;风景名胜相关;旅游景点,北京,10.294660476898962
青年湖全龄友好公园,116.403153,39.954271,安德里北街,风景名胜;公园广场;公园,北京,22.20682460468189
中华民族博物院,116.391346,39.98289,民族园路1号,风景名胜;风景名胜;风景名胜,北京,12.00254875410112
人定湖公园,116.385492,39.957583,北京市德胜街道六铺炕街心15号,风景名胜;公园广场;公园,北京,24.138345175181634
中华世纪坛,116.321339,39.910663,复兴路甲9号,风景名胜;风景名胜;风景名胜,北京,5.5465296971933675
南锣鼓巷牌坊,116.403166,39.933647,南锣鼓巷内(南锣鼓巷地铁站E西北口旁),风景名胜;风景名胜相关;旅游景点,北京,9.638767195819026
南锣鼓巷牌坊,116.403166,39.933647,南锣鼓巷内(南锣鼓巷地铁站E西北口旁),风景名胜;风景名胜相关;旅游景点,北京,10.074341769139146
康有为故居,116.375805,39.887984,陶然亭街道米市胡同43号(菜市口地铁站C东南口旁),风景名胜;风景名胜相关;旅游景点,北京,9.43281498275124
柳荫公园,116.402121,39.960835,和平里街道安定门外黄寺大街8号,风景名胜;公园广场;公园,北京,21.886942569372575
晋江会馆(林海音故居),116.380637,39.893758,南柳巷40号,风景名胜;风景名胜;风景名胜,北京,14.353881063482126
北京孔庙,116.414629,39.946442,国子监街13号,风景名胜;风景名胜;寺庙道观,北京,12.881089185028767
故宫博物院-斋宫,116.398057,39.919658,景山前街4号北京故宫博物馆,风景名胜;风景名胜相关;旅游景点,北京,23.805775937915456
故宫博物院-景仁宫,116.398,39.920315,景山前街4号故宫博物院,风景名胜;风景名胜;风景名胜,北京,7.575784493727056
齐白石旧居纪念馆,116.401518,39.935745,雨儿胡同13号院(南锣鼓巷地铁站E西北口步行340米),风景名胜;风景名胜;纪念馆,北京,18.349643491384633
万寿山,116.275262,39.999868,新建宫门路19号颐和园,风景名胜;风景名胜;风景名胜,北京,16.671466617062144
中华民族园北园,116.390957,39.98542,民族园西路中华民族园(奥体中心地铁站D西南口步行370米),风景名胜;风景名胜;国家级景点,北京,5.208285734844198
太平洋海底世界博览馆,116.306264,39.919097,西三环中路11号中央广播电视塔下,风景名胜;公园广场;水族馆|科教文化服务;展览馆;展览馆,北京,7.416835185706725
十七孔桥,116.27833,39.990481,青龙桥街道新建宫门路19号颐和园内(南侧),风景名胜;风景名胜相关;旅游景点,北京,13.749433933597224
夕照寺,116.43944,39.889698,夕照寺中街19号,风景名胜;风景名胜;寺庙道观,北京,9.55595259269598
万寿寺,116.311646,39.947093,万寿寺路22号(万寿寺地铁站C东南口步行120米),风景名胜;风景名胜;寺庙道观,北京,21.74106174561595
老北京胡同游,116.389812,39.933775,前海西街10号(胡同文化人力客运三轮车),风景名胜;风景名胜相关;旅游景点,北京,13.027196345117734
梅兰芳纪念馆,116.3794,39.935539,什刹海街道什刹海街道德胜门内大街护国寺街9号,风景名胜;风景名胜;纪念馆,北京,12.515224903142961
梅兰芳祖居,116.387078,39.892664,樱桃斜街与小安澜营头条交叉口南20米,风景名胜;风景名胜相关;旅游景点,北京,17.107076780866414
曹雪芹故居纪念馆(暂停开放),116.420814,39.89403,广渠门内大街123号(磁器口地铁站F1东北口步行130米),风景名胜;风景名胜;纪念馆,北京,19.993767903540995
北京市基督教会珠市口堂,116.398078,39.890987,前门大街129号(珠市口路口西南角),风景名胜;风景名胜;教堂,北京,19.94255969268312
四得公园,116.474488,39.972342,将台西路9号(将台西地铁站A口步行140米),风景名胜;公园广场;公园,北京,20.428019876408804
天坛公园,116.410829,39.881913,天坛东里甲1号,风景名胜;公园广场;公园,北京,17.293840283700746
景山公园,116.396551,39.925875,景山西街44号,风景名胜;公园广场;公园,北京,20.658148504265494
圆明园遗址公园,116.30096,40.008759,清华西路28号,风景名胜;风景名胜;国家级景点,北京,5.602629388910952
北海公园,116.391802,39.928775,文津街1号,风景名胜;公园广场;公园,北京,24.25760396060526
朝阳公园,116.482276,39.944093,朝阳公园南路1号,风景名胜;公园广场;公园,北京,24.90580260869174
陶然亭公园,116.381921,39.874496,太平街19号,风景名胜;公园广场;公园,北京,10.620062818830146
奥林匹克森林公园,116.392159,40.018635,科荟路33号,风景名胜;风景名胜;国家级景点,北京,20.76646145501409
奥林匹克森林公园南园,116.391365,40.016194,北五环辅路奥林匹克森林公园,风景名胜;风景名胜;国家级景点,北京,8.89211566209642
八大处公园,116.184358,39.962679,八大处路3号,风景名胜;风景名胜;国家级景点,北京,17.40967344157315
北京奥林匹克公园,116.393096,40.009926,北辰东路15号(森林公园南门地铁站C东南口旁),风景名胜;风景名胜;国家级景点,北京,23.509916029393473
香山公园,116.188746,39.990107,香山买卖街40号,风景名胜;风景名胜;国家级景点,北京,7.237598852636966
北京欢乐谷,116.494743,39.867355,东四环小武基北路,体育休闲服务;休闲场所;游乐场|风景名胜;风景名胜;国家级景点,北京,13.250076808274546
首钢园,116.155232,39.915415,石景山路68号,风景名胜;公园广场;公园,北京,23.35437275375203
世界公园,116.287794,39.810604,丰葆路158号(公园内),风景名胜;风景名胜;国家级景点,北京,10.917701957325345
紫竹院公园,116.319079,39.942352,中关村南大街35号,风景名胜;公园广场;公园,北京,9.473186000414904
玉渊潭公园,116.319932,39.91662,西三环中路10号,风景名胜;风景名胜;国家级景点,北京,10.380137746360345
中山公园,116.394407,39.910707,中华路4号(天安门西侧),风景名胜;公园广场;公园,北京,11.130400329996801
日坛公园,116.443795,39.915538,朝外街道朝阳门外日坛北路6号,风景名胜;公园广场;公园,北京,10.97515608078115
城市绿心森林公园,116.724897,39.873651,张辛庄路与通怀路交叉路口,风景名胜;公园广场;公园,北京,9.00263774017986
北京西山国家森林公园,116.193063,39.975185,闵庄路与香山南路交叉口西100米,风景名胜;风景名胜;省级景点,北京,6.437730170998273
北京西山国家森林公园鬼笑石,116.187684,39.979457,北京西山国家森林公园内(西北角),风景名胜;风景名胜相关;旅游景点,北京,13.903557635696753
团结湖公园,116.464372,39.925741,团结湖南里路16号(呼家楼地铁站B东北口步行190米),风景名胜;公园广场;公园,北京,10.75202168587482
莲花池公园,116.315327,39.893297,西三环中路38号,风景名胜;公园广场;公园,北京,23.008409735651746
南海子公园,116.464223,39.777746,黄亦路16号,风景名胜;公园广场;公园,北京,6.1438145526270365
龙潭中湖公园,116.432072,39.876755,左安门内大街19号,风景名胜;公园广场;公园,北京,10.671655340805781
北京温榆河公园,116.485512,40.075917,京承高速与滨河路交叉口,风景名胜;公园广场;公园,北京,10.569654761404614
北京温榆河公园·故城记忆,116.50027,40.114508,机场北线高速与高白路交叉口东南侧,风景名胜;公园广场;公园,北京,7.50307811440938
百望山森林公园,116.255631,40.029982,黑山扈北口19号,风景名胜;风景名胜;省级景点,北京,19.348636646027586
大运河森林公园,116.742353,39.876323,宋梁路,风景名胜;风景名胜;国家级景点,北京,15.772934046687947
北京凤凰岭景区,116.084981,40.106778,苏家坨镇凤凰岭路19号,风景名胜;风景名胜;国家级景点,北京,18.229781792249224
千灵山,116.085523,39.860994,王佐镇西庄店村北,风景名胜;风景名胜;风景名胜,北京,22.75014889485448
台湖公园,116.648145,39.825003,九周路,风景名胜;公园广场;公园,北京,12.86118095633418
奥林匹克森林公园北园,116.393173,40.027647,北京市奥运村街道科荟路33号,风景名胜;风景名胜;国家级景点,北京,19.39457550301805
顺义奥林匹克水上公园,116.69273,40.180524,白马路19号,风景名胜;风景名胜;国家级景点,北京,14.926117677046536
元大都城垣遗址公园,116.408048,39.976114,育慧南路南口与北土城东路交叉口大牌坊南侧,风景名胜;风景名胜相关;旅游景点,北京,9.346221527606993
北京世园国际旅游度假区,115.947612,40.442534,延庆镇百康路1号,风景名胜;公园广场;公园,北京,15.66623746060392
兴隆公园,116.53366,39.9126,高碑店乡兴隆庄甲8号(近高碑店地铁站),风景名胜;公园广场;公园,北京,13.156412161841706
野鸭湖国家湿地公园,115.846995,40.413557,康庄镇康野路5号刘浩营村西500米,风景名胜;风景名胜;国家级景点,北京,18.443475856790805
南宫五洲植物乐园,116.154329,39.795522,王佐镇南宫迎宾路1号(世界地热博览园内),风景名胜;公园广场;植物园|风景名胜;公园广场;公园,北京,20.981288554058978
北京园博园,116.190595,39.876665,射击场路15号,风景名胜;风景名胜;风景名胜,北京,15.758402955534265
北京冬奥公园,116.15633,39.901826,河堤东路,风景名胜;公园广场;公园,北京,11.319155880757224
首钢园北区,116.157104,39.915433,北京市古城街道石景山路68号首钢园,风景名胜;公园广场;公园,北京,10.236530000673676
北宫国家森林公园,116.117756,39.866114,长辛店镇大灰厂东路55号,风景名胜;风景名胜;国家级景点,北京,5.923709000783644
月坛公园,116.352221,39.916424,月坛北街甲6号,风景名胜;风景名胜;省级景点,北京,20.20249811607836
后海公园,116.38259,39.942143,后海北沿50号(近鼓楼西大街),风景名胜;公园广场;公园,北京,6.628354044010396
红领巾公园,116.491796,39.927301,后八里庄5号,风景名胜;公园广场;公园,北京,8.377436701660505
北京石花洞鸟语林风景区,115.952234,39.808398,河北镇南车营村石花洞景区,风景名胜;风景名胜;国家级景点,北京,24.716532653928468
福海公园,116.402011,39.847163,永外高庄138号(大红门地铁站C东南口步行300米),风景名胜;公园广场;公园,北京,14.798010702750934
周口店国家考古遗址公园,115.930021,39.689369,周口店镇周口店大街1号中国房山世界地质公园周口店园区内,风景名胜;风景名胜;世界遗产,北京,19.323270164792557
四得公园,116.474488,39.972342,将台西路9号(将台西地铁站A口步行140米),风景名胜;公园广场;公园,北京,14.75021368165611
什刹海-前海,116.393076,39.936167,地安门西大街49号什刹海(东南角),风景名胜;风景名胜相关;旅游景点,北京,8.47761788558055
韩村河公园,115.952777,39.596465,韩村河镇,风景名胜;公园广场;公园广场,北京,23.8376584775293
北京明城墙遗址公园,116.427901,39.901264,崇文门东大街9号,风景名胜;公园广场;公园,北京,15.41919380978037
西海子公园,116.665086,39.916364,西海子西路12号,风景名胜;公园广场;公园,北京,20.404922275767863
檀谷·慢闪公园,116.053434,39.878153,京潭中路与九峰路交叉口西南120米,风景名胜;公园广场;公园,北京,19.991760717150818
将府公园,116.513514,39.976547,东八间房村临甲10号,风景名胜;公园广场;公园,北京,22.368581216719257
顺义公园,116.662,40.120898,北京市光明街道光明南街26号,风景名胜;公园广场;公园,北京,5.898340815213952
昌平公园,116.23705,40.217977,鼓楼南街28号(昌平地铁站C东南口步行440米),风景名胜;公园广场;公园,北京,12.059989370614282
回龙观体育文化公园,116.34198,40.077894,文华东路61号,风景名胜;公园广场;公园,北京,15.727442100500044
太阳宫公园,116.454538,39.976218,太阳宫中路6号,风景名胜;公园广场;公园,北京,14.184527814090194
国际企业文化园西园,116.486401,39.808531,亦庄开发区五环文化园西路6号院,风景名胜;公园广场;公园,北京,7.149378343115238
法海寺,116.159458,39.941477,翠微山南麓模式口48号,风景名胜;风景名胜;寺庙道观,北京,15.068797124746602
团河行宫遗址公园,116.378626,39.747364,团河路,风景名胜;公园广场;公园,北京,6.741942697567018
北京国际雕塑公园,116.244127,39.905953,石景山路2号(地铁玉泉路A出口西侧),风景名胜;公园广场;公园,北京,11.251237262043164
长阳体育公园,116.202526,39.761288,[],风景名胜;公园广场;公园,北京,21.16721020230836
仰山公园,116.412087,40.019196,北京市奥运村街道北五环仰山桥南侧,风景名胜;公园广场;公园,北京,14.480164792793527
长阳公园,116.178962,39.760097,长阳镇长阳一村东,风景名胜;公园广场;公园,北京,12.531935698406492
东坝公园,116.573945,39.950193,东坝乡东五环外(近机场第二高速),风景名胜;公园广场;公园,北京,6.223737594211753
大兴新城滨河森林公园,116.320963,39.705786,义和庄,风景名胜;风景名胜相关;旅游景点,北京,7.704502637208222
庆丰公园,116.463961,39.903411,东三环中路39号,风景名胜;公园广场;公园,北京,16.300713994522894
昌平新城滨河森林公园(沙河),116.299628,40.13177,沙河镇南门大道(巩华城地铁站东侧),风景名胜;公园广场;公园,北京,23.16693603072251
绿堤公园,116.240841,39.828166,农场路4号,风景名胜;公园广场;公园,北京,7.100004196869971
人定湖公园,116.385492,39.957583,北京市德胜街道六铺炕街心15号,风景名胜;公园广场;公园,北京,13.840871547309295
稻香湖公园,116.1844,40.091435,苏家坨稻香湖路28号,风景名胜;公园广场;公园,北京,10.420631596698467
南苑森林湿地公园,116.378504,39.820418,槐房路42号,风景名胜;公园广场;公园,北京,24.176995969652054
路县故城遗址公园,116.719954,39.91508,东古城街与临镜路交叉口北160米,风景名胜;风景名胜;风景名胜,北京,18.081614353240628
玲珑公园,116.295288,39.929114,八里庄北里3号(慈寿寺地铁站C2东南口步行280米),风景名胜;公园广场;公园,北京,17.790844264118313
柳荫公园,116.402121,39.960835,和平里街道安定门外黄寺大街8号,风景名胜;公园广场;公园,北京,18.231688153996902
双秀公园,116.374824,39.966275,德胜街道北三环中路20号(北太平庄地铁站C口步行470米),风景名胜;公园广场;公园,北京,20.617110776839244
地坛的海,116.417341,39.953675,和平里西街75号(雍和宫地铁站A西北口步行480米),风景名胜;风景名胜;风景名胜,北京,24.57561446673661
西湖园,116.607958,40.048863,天竺镇二纬路与一经路交叉口西北角,风景名胜;公园广场;公园,北京,20.47478581881719
罗马湖公园,116.518265,40.102513,后沙峪镇罗各庄村罗东路8号,风景名胜;公园广场;公园,北京,13.749020720298317
丰台花园,116.287817,39.864526,丰台镇西四环南路60号,风景名胜;公园广场;公园,北京,9.456128728993558
青年湖全龄友好公园,116.403153,39.954271,安德里北街,风景名胜;公园广场;公园,北京,21.528698885220496
玉河湿地公园,116.23923,40.095837,北至南沙河、南至皇后店中街、东至风格渠东80米、西侧与故宫北院隔上庄东路相望,风景名胜;公园广场;公园,北京,7.200552568495953
金盏淀公园,116.630167,39.96093,沙窝北路7号,风景名胜;公园广场;公园,北京,10.204103030035327
什刹海公园-观景平台,116.380933,39.943736,地安门西大街49号什刹海(西北角),风景名胜;风景名胜相关;旅游景点,北京,15.540542652880628
周口店遗址博物馆,115.936775,39.687388,周口店周胜路,科教文化服务;博物馆;博物馆|风景名胜;风景名胜相关;旅游景点,北京,22.850148759060293
古塔公园,116.535351,39.878349,王四营乡马房寺,风景名胜;公园广场;公园,北京,20.52128706210178
北京后花园(白虎涧)风景区,116.081721,40.14053,阳坊镇后二路,风景名胜;风景名胜;风景名胜,北京,16.34757475083962
马家湾湿地公园,116.561404,39.840916,大鲁店北路38号,风景名胜;公园广场;公园,北京,15.286509876537806
京顺园公园,116.463236,39.970001,四元桥,风景名胜;公园广场;公园,北京,17.161350328051554
中关村公园,116.283458,40.060895,唐家岭土井村路45号,风景名胜;公园广场;公园广场,北京,7.8536320158013595
北京鹫峰国家森林公园,116.085217,40.056718,苏家坨镇秀峰寺路5号,风景名胜;风景名胜;风景名胜,北京,19.304258728144298
老山城市休闲公园,116.224446,39.91489,石景山路甲19号,风景名胜;公园广场;公园,北京,13.603965900465653
宣武艺园,116.359246,39.895139,槐柏树街12号(近宣武医院、长椿街地铁站西南口),风景名胜;公园广场;公园,北京,18.79639755714692
北小河公园,116.455245,40.005054,师家坟村156号,风景名胜;公园广场;公园,北京,14.11873616804223
景山公园-绮望楼,116.39672,39.924029,什刹海街道景山西街44号(故宫后门对面)景山公园内(南侧),风景名胜;风景名胜;风景名胜,北京,9.527553687806838
八大处公园-灵光寺,116.183122,39.956804,八大处路3号八大处公园内(南侧),风景名胜;风景名胜;寺庙道观,北京,14.408821067899682
滨水公园-南区,116.462704,40.125796,定泗路与未来科学城路交口东100米路北,风景名胜;公园广场;公园,北京,8.751605094651104
中关村公园,116.283458,40.060895,唐家岭土井村路45号,风景名胜;公园广场;公园广场,北京,15.53229923962989
北京鹫峰国家森林公园,116.085217,40.056718,苏家坨镇秀峰寺路5号,风景名胜;风景名胜;风景名胜,北京,7.283269167689584
老山城市休闲公园,116.224446,39.91489,石景山路甲19号,风景名胜;公园广场;公园,北京,7.77864089948328
北京温榆河公园·故城记忆,116.50027,40.114508,机场北线高速与高白路交叉口东南侧,风景名胜;公园广场;公园,北京,23.297277548552028
宣武艺园,116.359246,39.895139,槐柏树街12号(近宣武医院、长椿街地铁站西南口),风景名胜;公园广场;公园,北京,19.39320826179472
北小河公园,116.455245,40.005054,师家坟村156号,风景名胜;公园广场;公园,北京,21.175144818993903
滨水公园-南区,116.462704,40.125796,定泗路与未来科学城路交口东100米路北,风景名胜;公园广场;公园,北京,22.387912179643614
北海公园-九龙壁,116.387599,39.931861,什刹海街道文津街1号(故宫北)北海公园西天梵境内,风景名胜;风景名胜;风景名胜,北京,9.957346909317579
霞云岭国家森林公园金水湖景区,115.749073,39.737763,霞云岭乡霞云岭村鸽子台水库,风景名胜;风景名胜;风景名胜,北京,23.11568373931194
通明湖公园,116.580187,39.77933,科创十四街四达时代东邻路南,风景名胜;公园广场;公园,北京,22.44263812341358
通州奥体公园,116.691861,39.905513,通胡大街70号,风景名胜;公园广场;公园,北京,5.377620356811008
永定门公园东城园区,116.399553,39.87497,永定门内大街与木料巷交叉口南220米,风景名胜;风景名胜;风景名胜,北京,5.382511782769552
天坛公园-斋宫,116.406686,39.879763,天坛东路甲1号天坛公园内(西南角),风景名胜;风景名胜;风景名胜,北京,14.700385249300412
顺义新城滨河森林公园,116.722224,40.097482,双河大街1号,风景名胜;公园广场;公园,北京,8.126268426971528
永定公园,116.308097,39.718523,永华路31号,风景名胜;公园广场;公园,北京,19.715056577991838
白水寺森林公园,115.950963,39.749704,北京市东风街道燕山中路西北侧(近燕山火车站),风景名胜;风景名胜相关;旅游景点,北京,19.987701093185898
常营体育公园,116.606526,39.923464,东十里堡路北段东侧住欣家园社区西侧常营南路北侧朝阳北路南侧,风景名胜;公园广场;公园,北京,16.61379944738568
宝联体育公园,116.299036,39.936229,八里庄街道北洼西里48号(慈寿寺地铁站B东北口步行390米),风景名胜;公园广场;公园,北京,9.24282170727878
万芳亭公园,116.375705,39.858593,南三环西路3号,风景名胜;公园广场;公园,北京,20.83547833522057
奥北森林公园,116.391799,40.071922,中东路103号,风景名胜;公园广场;公园,北京,19.830141110939778
天坛公园-双环万寿亭,116.406883,39.883629,天坛东路甲1号天坛公园内(西北角),风景名胜;风景名胜;风景名胜,北京,18.19208581185213
北滨河公园,116.391209,39.95044,德外大街安德路102号,风景名胜;公园广场;公园,北京,9.37627629365251
东单公园,116.41709,39.904917,崇文门内大街9号(东单地铁站H西南口步行380米),风景名胜;公园广场;公园,北京,10.73357829776002
龙潭西湖公园,116.428487,39.880779,龙潭路甲1号,风景名胜;公园广场;公园,北京,17.04555634360096
景山公园-明思宗殉国处,116.399039,39.924529,景山西街44号景山公园内(东南角),风景名胜;风景名胜;风景名胜,北京,21.58456080872028
天元公园,116.261062,39.875971,青塔西路(近巴厘岛),风景名胜;公园广场;公园,北京,12.103674424789258
上方山国家森林公园-上方山云水洞,115.813614,39.667832,韩村河镇圣水峪村(上方山森林公园内),风景名胜;风景名胜相关;旅游景点,北京,20.34181841912214
北海公园-永安寺,116.389393,39.92435,什刹海街道文津街1号(故宫北)北海公园内(西南角),风景名胜;风景名胜;寺庙道观,北京,21.842767139610878
丽都花园,116.479472,39.974676,芳园西路6号(近宵云桥),风景名胜;公园广场;公园,北京,11.54675688063107
天坛公园-东天门,116.417772,39.881568,天坛街道天坛路甲1号天坛公园内(东侧),风景名胜;风景名胜;风景名胜,北京,16.09022584468171
妙峰山森林公园,116.043011,40.06466,妙峰山镇涧沟村(近妙峰山),风景名胜;风景名胜;风景名胜,北京,11.037097283017019
清河之洲,116.309292,40.01838,树村街甲4号,风景名胜;公园广场;公园,北京,11.847016172102581
大望京公园,116.494578,39.996867,东湖街道望京东路甲6号,风景名胜;公园广场;公园,北京,18.91423638614173
东郊森林公园,116.666941,39.984143,宋庄镇森林氧吧西北侧190米,风景名胜;公园广场;公园,北京,17.46885115335209
青龙湖森林公园,116.051637,39.782286,石梯村南街28号,风景名胜;公园广场;公园,北京,19.33179994094444
石景山古城公园,116.193302,39.911761,古城南路1号,风景名胜;公园广场;公园,北京,11.16900329401422
东郊湿地公园,116.660397,40.0218,壁富路11号,风景名胜;公园广场;公园,北京,8.453499695421588
常营马拉松体育公园,116.581268,39.935869,常营幺家店路,风景名胜;公园广场;公园,北京,19.176156008349643
马甸公园,116.37985,39.97226,G6京藏高速北环中心对面(健德门地铁站D西南口步行370米),风景名胜;公园广场;公园,北京,23.66645721875242
未来科学城滨水公园,116.465945,40.126523,未来科学城内,风景名胜;风景名胜;风景名胜,北京,14.76275696980759
未来科学城滨水公园,116.465945,40.126523,未来科学城内,风景名胜;风景名胜;风景名胜,北京,18.888776408875465
北海公园-白塔,116.389259,39.925826,文津街1号北海公园(西南角),风景名胜;风景名胜;风景名胜,北京,9.85398646689696
南馆公园,116.427698,39.943531,西羊管胡同甲1号,风景名胜;公园广场;公园,北京,14.521979792847674
金田公园,116.562135,39.884645,豆各庄双桥,风景名胜;公园广场;公园,北京,20.850985187802323
三园交界,116.309717,40.006277,清华西路28号圆明园遗址公园内(东侧),风景名胜;风景名胜;风景名胜,北京,9.76598549469102
菖蒲河公园,116.403456,39.908566,菖蒲河沿9号(天安门东地铁站B东北口步行200米),风景名胜;公园广场;公园,北京,20.085172913945645
白鹿公园,116.554324,39.8783,王四营乡白鹿司北街,风景名胜;公园广场;公园,北京,15.104253224740528
紫玉公园,116.410861,40.012848,安立路与科荟路交叉口东北440米,风景名胜;公园广场;公园,北京,24.629484050062473
南苑森林湿地公园-南森观景台,116.387665,39.815452,槐房路42号南苑森林湿地公园(东南角),风景名胜;风景名胜;观景点,北京,23.407875724689976
大运河源头遗址公园,116.257003,40.194865,怀昌路152号,风景名胜;公园广场;公园,北京,14.394357581778412
景山公园-富览亭,116.394943,39.924588,景山西街44号景山公园内(西南角),风景名胜;风景名胜相关;旅游景点,北京,14.7230653661026
永定门公园,116.399134,39.875648,永定门内大街156号,风景名胜;风景名胜;风景名胜,北京,18.88738917453297
五塔寺公园,116.329587,39.943299,五塔寺路北50米(国家图书馆地铁站C东南口步行490米),风景名胜;公园广场;公园,北京,19.005795385692345
方泽坛,116.416038,39.952859,安定门外大街2号地坛公园内(东南角),风景名胜;风景名胜相关;旅游景点,北京,19.484003604293207
北京温榆河公园·未来智谷,116.472894,40.101449,七北南路,风景名胜;公园广场;公园,北京,22.191976721507626
凉水河·榴香森林公园,116.428725,39.834589,金桥东街与宋庄路辅路交叉口东南200米,风景名胜;公园广场;公园,北京,9.410533572260293
CBD中央公园,116.466259,39.910914,景辉街与金和东路交叉口西南120米,风景名胜;公园广场;公园,北京,6.205141328293806
天坛公园-七星石,116.416109,39.883051,天坛街道天坛路甲1号天坛公园内(东侧),风景名胜;风景名胜;风景名胜,北京,14.311517002750128
滨水文化公园,116.325673,39.858414,西三环南路74号,风景名胜;公园广场;公园,北京,5.437314852062752
黑桥公园,116.536306,39.999604,黑桥村阳光公寓,风景名胜;公园广场;公园,北京,9.772268511508479
官庄公园,116.510623,39.87979,广华大街官悦欣园B区对面,风景名胜;公园广场;公园,北京,7.169518983476985
杜仲公园,116.567257,39.894015,三间房乡杨家沟,风景名胜;公园广场;公园,北京,17.696612009142555
石榴庄公园,116.422049,39.833579,南四环中路大红门东桥凉水河南,风景名胜;公园广场;公园,北京,23.731345722591247
清河营郊野公园,116.444903,40.055227,来广营北苑东路清河营,风景名胜;公园广场;公园,北京,14.75862414860567
天坛公园-北天门,116.41274,39.885763,天坛路甲1号天坛公园景区内,风景名胜;风景名胜;风景名胜,北京,16.889854962353112
南苑公园,116.378675,39.806508,南苑西路5号,风景名胜;公园广场;公园,北京,5.9672138751530746
万寿公园,116.368245,39.879812,白纸坊东街甲29号(陶然亭地铁站A西北口步行480米),风景名胜;公园广场;公园,北京,23.8606269850053
怀山柔水,116.625611,40.314209,北京市龙山街道府前西街5号,风景名胜;公园广场;公园,北京,23.82524902470135
北海公园-静心斋,116.389401,39.932511,文津街1号北海公园内(西北角),风景名胜;风景名胜;风景名胜,北京,8.754508538100014
黄草湾郊野公园,116.435262,40.005798,北京市大屯街道大屯乡北五环路,风景名胜;公园广场;公园,北京,20.54574169119938
云岗森林公园,116.159716,39.824623,马家坟,风景名胜;公园广场;公园,北京,20.70738351844321
精品公园,116.356935,39.919781,阜成门北大街(阜成门地铁站C东南口步行380米),风景名胜;公园广场;公园,北京,21.72757075628693
京张铁路遗址公园,116.338277,39.991769,北京市学院路街道河清路五道口东面,风景名胜;公园广场;公园,北京,13.16493814063836
普法公园,116.636999,40.314544,迎宾路,风景名胜;公园广场;公园,北京,13.665900772697427
亮马河公园,116.440407,39.947042,香河园中街1号院,风景名胜;公园广场;公园,北京,13.97537864723904
天坛公园-丹陛桥,116.412887,39.879991,天坛路甲1号天坛公园内,风景名胜;风景名胜;风景名胜,北京,18.197432220752592
皇城根遗址公园,116.406563,39.923378,北河沿大街与地安门东大街交叉口南,风景名胜;公园广场;公园,北京,21.61339138347065
狼垡城市森林公园,116.275384,39.776698,黄村地区芦西路(立垡花园东北侧约100米),风景名胜;公园广场;公园,北京,8.206300085866884
金福湿地公园,116.601029,39.826254,台湖镇张台路,风景名胜;公园广场;公园,北京,24.462856046432
减河公园,116.667287,40.135002,右堤路附近,风景名胜;公园广场;公园,北京,22.92874041593338
康庄公园,116.342233,39.755599,康庄路2号,风景名胜;公园广场;公园,北京,11.35069090836729
花博会主题公园,116.566201,40.12146,酒厂东路附近,风景名胜;公园广场;公园,北京,15.37625635866341
后沙峪人民公园,116.540991,40.102345,后沙峪镇双裕街55号,风景名胜;公园广场;城市广场,北京,13.541973177906456
宋庄文化公园,116.692242,39.956349,潞苑北大街北50米,风景名胜;公园广场;公园,北京,8.49301544396717
京城紫岸公园,116.537454,39.937845,平房桥西南角,风景名胜;公园广场;公园,北京,12.560733361485667
瀛海足球主题公园,116.475103,39.756681,海晏路与三太路交叉口西北400米,风景名胜;公园广场;公园,北京,15.343840203631618
仁和公园,116.671673,40.106069,石园南大街10号,风景名胜;公园广场;公园,北京,7.33509780692875
世界公园-欧洲区,116.286465,39.810454,大葆台158号世界公园,风景名胜;风景名胜;风景名胜,北京,6.828109712498791
东升八家郊野公园,116.336864,40.019354,东升乡双清路5号,风景名胜;公园广场;公园,北京,9.751824730263092
金盏森林公园,116.602667,39.950304,东高路北马各庄小学东南侧约200米,风景名胜;公园广场;公园,北京,23.40199105637756
万丰公园,116.291919,39.883235,万丰路莲怡园小区西侧,风景名胜;公园广场;公园,北京,23.22441856699269
树村公园,116.304488,40.026141,树村路农大南路交汇处东,风景名胜;公园广场;公园,北京,9.649653362732195
西小口公园,116.3459,40.051108,西三旗街道,风景名胜;公园广场;公园,北京,24.006030742108006
卧龙公园,116.639818,40.140798,仁和地区顺白路2号,风景名胜;公园广场;公园,北京,21.617691434342127
天坛公园-皇穹宇,116.413131,39.878341,天坛街道天坛内东里7号天坛公园回音壁内,风景名胜;风景名胜相关;旅游景点,北京,24.195968347056528
世界公园-美洲景区,116.284404,39.809684,大葆台158号世界公园内(西侧),风景名胜;风景名胜;风景名胜,北京,21.07587275309741
旧宫城市森林公园,116.434786,39.792375,德贤路东五环路北,风景名胜;公园广场;公园,北京,7.92585775660815
西山公园,116.239286,39.947119,四季青桥西杏石口路南平庄,风景名胜;公园广场;公园,北京,14.450164079897522
密虹公园,116.835997,40.375882,新西路75号,风景名胜;公园广场;公园,北京,22.792642371543373
望京公园,116.498471,39.994743,彩虹路2号,风景名胜;公园广场;公园,北京,12.75470100858465
石景山雕塑公园,116.199834,39.911878,八角南路49号,风景名胜;公园广场;公园,北京,13.280512718104564
阳光星期八公园,116.254489,39.916142,金沟河路26号,风景名胜;公园广场;公园,北京,16.090721734241964
斋宫,116.4135,39.954591,地坛公园(西北角),风景名胜;风景名胜相关;旅游景点,北京,20.784163244465482
兴旺公园,116.434213,39.530607,大安路,风景名胜;公园广场;公园,北京,11.020529006432627
张家湾公园,116.770567,39.831005,里二泗南路北50米,风景名胜;公园广场;公园,北京,7.6858639988572275
回龙观生态休闲公园,116.332825,40.090484,育知东路与回南北路交叉口东北240米,风景名胜;公园广场;公园,北京,14.327381260417962
金中都公园,116.349747,39.871429,广安门南街64号,风景名胜;公园广场;公园,北京,13.166976023351216
元土城遗址公园,116.366139,39.975799,花园路(牡丹园地铁站D西南口步行90米),风景名胜;公园广场;公园,北京,18.03715717206103
天坛公园-神乐署,116.404277,39.878812,天坛街道天坛东路甲1号天坛公园内(西南角),风景名胜;风景名胜;风景名胜,北京,18.62285279458463
太师屯和园公园,117.125956,40.530535,清水河南路与密古路交叉口东100米,风景名胜;公园广场;公园,北京,19.865353572609212
大石山森林公园,116.914369,40.458499,北京市密云区溪翁庄镇密云区S313,风景名胜;风景名胜相关;旅游景点,北京,15.040996601267638
西郊雨洪调蓄工程,116.219835,39.920924,田村山南路与五景桥东街交叉口北200米路东,风景名胜;公园广场;公园,北京,12.347230192492503
中坞公园,116.261738,39.981905,北坞村路27号(颐和园西门地铁站出入口步行330米),风景名胜;公园广场;公园,北京,8.976460481261663
东升八家山地车公园,116.337546,40.022219,清河南滨河路与毛纺路辅路交叉口南200米,风景名胜;公园广场;公园,北京,21.581546848219265
西便门城墙遗址公园,116.357834,39.900039,宣武门西大街131号西便门明城墙遗址公园,风景名胜;公园广场;公园,北京,13.72220585315391
石景山模式口公园,116.160986,39.936851,模式口北街与模式口大街交叉口西北180米,风景名胜;公园广场;公园,北京,18.204813336088588
北极寺公园,116.377065,39.985717,"健翔桥西南角(近G6,北四环,龙翔路)",风景名胜;公园广场;公园,北京,7.205130614659073
天竺郊野公园,116.573776,40.055809,府右街11号,风景名胜;公园广场;公园,北京,6.5739168288008525
北海公园-五龙亭,116.385864,39.930085,文津街1号北海公园内(西侧),风景名胜;风景名胜相关;旅游景点,北京,7.268923867775589
双榆树公园,116.32481,39.970456,科学院南路31号,风景名胜;公园广场;公园,北京,8.577938286675424
天安门广场,116.397755,39.903182,东长安街,风景名胜;风景名胜;红色景区|风景名胜;公园广场;城市广场,北京,17.752195383446484
故宫博物院,116.397029,39.917839,景山前街4号,风景名胜;风景名胜;世界遗产|科教文化服务;博物馆;博物馆,北京,9.970726109628531
天安门,116.397463,39.909187,长安街北侧,风景名胜;风景名胜;国家级景点,北京,13.363108643033922
天坛公园,116.410829,39.881913,天坛东里甲1号,风景名胜;公园广场;公园,北京,8.253715304908756
前门大街,116.403895,39.896152,小江胡同1号(前门地铁站G东南口步行320米),购物服务;特色商业街;特色商业街|风景名胜;风景名胜相关;旅游景点,北京,10.02818979972272
景山公园,116.396551,39.925875,景山西街44号,风景名胜;公园广场;公园,北京,13.0877060832751
毛主席纪念堂,116.397815,39.902517,前门东大街11号(天安门广场人民英雄纪念碑南面),风景名胜;风景名胜;纪念馆,北京,10.352324945641076
故宫博物院-午门,116.397228,39.913582,东华门街道景山前街4号故宫博物院内(南侧),风景名胜;风景名胜;风景名胜,北京,12.813917274640996
天安门广场-国旗,116.397554,39.906928,东华门街道景山前街4号天安门广场内(北侧),风景名胜;风景名胜;风景名胜,北京,11.052287488647849
北海公园,116.391802,39.928775,文津街1号,风景名胜;公园广场;公园,北京,7.1273658049557564
中山公园,116.394407,39.910707,中华路4号(天安门西侧),风景名胜;公园广场;公园,北京,17.39930895871544
天安门-城楼,116.397488,39.908717,东长安街天安门(天安门东地铁站A西北入口步行290米),风景名胜;风景名胜;国家级景点,北京,21.566306335125105
南锣鼓巷,116.402394,39.937182,交道口街道南大街(南锣鼓巷地铁站E西北口旁),风景名胜;风景名胜;风景名胜,北京,24.848927495075554
景山公园-绮望楼,116.39672,39.924029,什刹海街道景山西街44号(故宫后门对面)景山公园内(南侧),风景名胜;风景名胜;风景名胜,北京,12.624330722895515
太庙,116.399898,39.911374,东华门街道东长安街北京市劳动人民文化宫,风景名胜;风景名胜;寺庙道观,北京,20.303596228732125
故宫博物院-神武门,116.396786,39.922305,景山前街4号北京故宫博物馆,风景名胜;风景名胜;国家级景点,北京,20.107019419260524
长安街,116.395456,39.907552,广场西侧路与西长安街交叉口,风景名胜;风景名胜;风景名胜,北京,12.559326420696799
天坛公园-祈年殿,116.412867,39.883659,天坛街道天坛东路甲1号天坛公园内,风景名胜;风景名胜;风景名胜,北京,16.826792248433115
正阳门箭楼,116.39791,39.899368,前门大街2号前门商业区A2地块,风景名胜;风景名胜;风景名胜,北京,20.661388317860357
故宫博物院-钟表馆,116.399152,39.918847,景山前街4号故宫博物院,风景名胜;风景名胜;风景名胜|科教文化服务;展览馆;展览馆,北京,24.909094963722794
日坛公园,116.443795,39.915538,朝外街道朝阳门外日坛北路6号,风景名胜;公园广场;公园,北京,8.125998372590086
北京东交民巷使馆建筑群,116.41262,39.901299,崇文门东交民巷(崇文门地铁站A1西北口步行290米),风景名胜;风景名胜相关;旅游景点,北京,11.87257227938848
北京明城墙遗址公园,116.427901,39.901264,崇文门东大街9号,风景名胜;公园广场;公园,北京,12.020614299151614
老舍故居,116.408367,39.91863,灯市口西街丰富胡同19号,风景名胜;风景名胜;纪念馆,北京,9.250638882114488
老舍茶馆(前门店),116.393316,39.899703,大栅栏街道前门西大街正阳市场3号楼,风景名胜;风景名胜相关;旅游景点,北京,24.056183235851186
天主教北京总教区王府井天主堂东堂,116.411945,39.917288,王府井大街74号,风景名胜;风景名胜;教堂,北京,14.506377448347916
陶然亭公园,116.381921,39.874496,太平街19号,风景名胜;公园广场;公园,北京,8.91034760680558
景山公园-万春亭,116.396715,39.924863,景山西街44号景山公园内,风景名胜;风景名胜;风景名胜,北京,13.02792092326653
恭王府博物馆,116.386315,39.937222,前海西街17号,风景名胜;风景名胜;国家级景点,北京,11.067421024459241
龙潭中湖公园,116.432072,39.876755,左安门内大街19号,风景名胜;公园广场;公园,北京,23.185002651088745
敕建火德真君庙,116.395569,39.937013,地安门外大街77号(什刹海地铁站C口马路对面),风景名胜;风景名胜;寺庙道观,北京,8.522010185996116
北大红楼,116.405361,39.92471,五四大街29号,风景名胜;风景名胜;纪念馆,北京,5.849049681583056
人民英雄纪念碑,116.397691,39.904632,天安门广场(长安街中心),风景名胜;风景名胜;红色景区|风景名胜;风景名胜;纪念馆,北京,14.67056180606195
什刹海,116.385121,39.941893,地安门西大街49号,风景名胜;风景名胜;国家级景点,北京,7.615968749753086
正阳门城楼,116.397902,39.900583,前门大街北端,风景名胜;风景名胜相关;旅游景点,北京,12.536676879233166
北京悬空玻璃艺术馆,116.412114,39.915876,王府井大街银泰in88二层南侧(金鱼胡同地铁站B东口旁),风景名胜;风景名胜相关;旅游景点,北京,6.845257659117574
天坛公园-回音壁,116.413074,39.878072,天坛街道天坛路甲1号天坛公园内(东南角),风景名胜;风景名胜;风景名胜,北京,7.899179427344163
故宫博物院-养心殿,116.395676,39.919765,景山前街4号故宫博物院内,风景名胜;风景名胜;风景名胜,北京,18.277006218246136
智化寺,116.432325,39.917621,禄米仓胡同5号,风景名胜;风景名胜;寺庙道观,北京,24.74516351705116
东单公园,116.41709,39.904917,崇文门内大街9号(东单地铁站H西南口步行380米),风景名胜;公园广场;公园,北京,12.718538411903298
菖蒲河公园,116.403456,39.908566,菖蒲河沿9号(天安门东地铁站B东北口步行200米),风景名胜;公园广场;公园,北京,19.20939074125485
鼓楼,116.395937,39.940781,钟楼湾胡同临字9号(什刹海地铁站A2西北口步行240米),风景名胜;风景名胜;风景名胜,北京,20.243903800356176
东岳庙,116.44377,39.924932,朝阳门外大街141号,风景名胜;风景名胜;寺庙道观,北京,21.753243928388
故宫博物院-西北角楼,116.392575,39.92215,景山前街4号故宫博物院(西北角),风景名胜;风景名胜;风景名胜,北京,19.374159727073597
法源寺,116.36988,39.885385,法源寺前街7号,风景名胜;风景名胜;寺庙道观,北京,18.594457856394058
故宫博物院-东北角楼,116.401021,39.922473,景山前街4号北京故宫博物馆,风景名胜;风景名胜;风景名胜,北京,14.2625406273022
广济寺,116.372321,39.924971,阜成门内大街25号(西四地铁站B东北口步行200米),风景名胜;风景名胜;寺庙道观,北京,17.326167877207773
雍和宫,116.417296,39.947239,雍和宫大街28号(雍和宫地铁站F东南口步行250米),风景名胜;风景名胜;风景名胜,北京,7.359700702505951
故宫博物院-端门,116.397413,39.910396,景山前街4号故宫博物院内(南侧),风景名胜;风景名胜;风景名胜,北京,20.91105197945149
先农坛,116.392206,39.876929,东经路21号北京古代建筑博物馆,风景名胜;风景名胜;风景名胜,北京,22.147279331787082
普度寺遗址,116.404659,39.913437,普度寺前巷,风景名胜;风景名胜;寺庙道观,北京,5.819693141173459
故宫博物院-西南角楼,116.392983,39.913741,景山前街4号故宫博物院(西南角),风景名胜;风景名胜;风景名胜,北京,15.174748725130767
纪晓岚故居,116.387191,39.890058,珠市口西大街241号(虎坊桥地铁站B东北口步行170米),风景名胜;风景名胜;纪念馆,北京,12.186680779012802
霱公府(不对外开放),116.37693,39.905022,西绒线胡同51号(西单地铁站D东南口步行480米),风景名胜;风景名胜;风景名胜,北京,15.4062941222609
天桥,116.398772,39.886193,西草市街96号(珠市口地铁站G西南口步行320米),风景名胜;风景名胜;风景名胜,北京,17.434753281805264
天坛公园-圜丘,116.413162,39.876964,天坛路甲1号天坛公园内(东南角),风景名胜;风景名胜;风景名胜,北京,19.061021997367863
北京站北广场,116.427123,39.904424,北京站街与北京站西街交叉口南100米,风景名胜;公园广场;城市广场,北京,13.234361009992796
天坛公园-斋宫,116.406686,39.879763,天坛东路甲1号天坛公园内(西南角),风景名胜;风景名胜;风景名胜,北京,17.02393295279603
天坛公园-双环万寿亭,116.406883,39.883629,天坛东路甲1号天坛公园内(西北角),风景名胜;风景名胜;风景名胜,北京,13.47231451165059
西城楼观旗点,116.395694,39.907843,西长安街与广场西侧路交叉口北20米,风景名胜;风景名胜;风景名胜,北京,22.715389450697714
三庆园,116.396914,39.895887,大栅栏商业街18号(前门地铁站I西南口步行410米),体育休闲服务;影剧院;剧场|风景名胜;风景名胜相关;旅游景点,北京,5.418890595714689
景山公园-明思宗殉国处,116.399039,39.924529,景山西街44号景山公园内(东南角),风景名胜;风景名胜;风景名胜,北京,13.547732658370318
故宫博物院-御花园,116.39682,39.921459,景山前街4号故宫内,风景名胜;风景名胜;风景名胜,北京,15.890938702353958
前门之夜科技体验馆,116.40039,39.895156,南晓顺胡同7、9号(大江胡同交叉口西北角),风景名胜;风景名胜相关;旅游景点,北京,8.04359951185
故宫博物院-九龙壁,116.400456,39.918526,景山前街4号故宫博物院宁寿宫内,风景名胜;风景名胜;风景名胜,北京,14.041820841871626
什刹海-前海,116.393076,39.936167,地安门西大街49号什刹海(东南角),风景名胜;风景名胜相关;旅游景点,北京,23.295649168819992
北京基督教会崇文门堂,116.420483,39.902964,后沟胡同丁2号,风景名胜;风景名胜;教堂,北京,6.359189091763088
嵩祝寺及智珠寺,116.403968,39.928403,景山后街嵩祝院23号,风景名胜;风景名胜;寺庙道观,北京,5.776771738187316
北京湖广会馆,116.384032,39.8889,虎坊路3号(虎坊桥路口西南),风景名胜;风景名胜;风景名胜,北京,22.6291835397239
徽商故里(朝阳门店),116.426569,39.923687,朝阳门内南小街2号,餐饮服务;中餐厅;安徽菜(徽菜)|风景名胜;风景名胜相关;旅游景点,北京,20.596780412331608
北海公园-永安寺,116.389393,39.92435,什刹海街道文津街1号(故宫北)北海公园内(西南角),风景名胜;风景名胜;寺庙道观,北京,10.688856063197838
前门颜料会馆,116.404727,39.895487,青云胡同22号,风景名胜;风景名胜;风景名胜,北京,6.869357919484411
天坛公园-东天门,116.417772,39.881568,天坛街道天坛路甲1号天坛公园内(东侧),风景名胜;风景名胜;风景名胜,北京,6.370558942554405
妙应寺白塔,116.363323,39.925652,阜成门内大街171号,风景名胜;风景名胜;寺庙道观,北京,11.751273861129533
王府井地下佛像,116.410136,39.91374,北京王府井百货大楼B2层,风景名胜;风景名胜;风景名胜,北京,19.52738770626936
故宫博物院-珍妃井,116.400115,39.921941,景山前街4号,风景名胜;风景名胜;风景名胜,北京,10.281762360042347
北京古观象台,116.434326,39.907206,建国门大街裱褙胡同2号(建国门地铁站C西南口步行130米),风景名胜;风景名胜;风景名胜,北京,12.155911904872054
永定门公园东城园区,116.399553,39.87497,永定门内大街与木料巷交叉口南220米,风景名胜;风景名胜;风景名胜,北京,16.34965017916713
龙潭西湖公园,116.428487,39.880779,龙潭路甲1号,风景名胜;公园广场;公园,北京,18.635250917503093
北海公园-白塔,116.389259,39.925826,文津街1号北海公园(西南角),风景名胜;风景名胜;风景名胜,北京,9.540202979700537
美克洞学馆,116.445574,39.923809,朝外大街99号1层美克美家(朝外店),风景名胜;风景名胜;风景名胜,北京,6.0563192374137875
天安门广场-正阳门,116.39785,39.900536,前门大街北端,风景名胜;风景名胜;风景名胜,北京,24.45311547026555
升旗台,116.397559,39.906926,东华门街道东华门街道西长安街与广场西侧路交叉口东160米,风景名胜;风景名胜;风景名胜,北京,19.38692442675611
景山公园-富览亭,116.394943,39.924588,景山西街44号景山公园内(西南角),风景名胜;风景名胜相关;旅游景点,北京,6.825234993041138
故宫博物院-慈宁宫,116.394399,39.919066,东华门街道景山前街4号故宫博物院内(西北角),风景名胜;风景名胜;风景名胜,北京,11.674921117601055
黄瓦增福财神庙,116.403195,39.940976,鼓楼东大街117号,风景名胜;风景名胜;寺庙道观,北京,7.20505301123297
天主教北京总教区宣武门天主堂南堂,116.375098,39.90072,前门西大街141号(宣武门地铁站C东南口步行240米),风景名胜;风景名胜;教堂,北京,11.852478393756469
陈独秀旧居,116.404106,39.917353,北池子大街箭杆胡同20号,风景名胜;风景名胜;纪念馆,北京,12.60621869293107
故宫博物院-文华殿,116.399345,39.915573,景山前街4号故宫博物院内(东南角),风景名胜;风景名胜;风景名胜,北京,17.756951228392182
北京琉璃厂,116.38457,39.895313,南新华街,购物服务;特色商业街;特色商业街|风景名胜;风景名胜相关;旅游景点,北京,22.32019250199381
肃亲王府(不对外开放),116.407307,39.905352,正义路与东长安街交叉口南280米,风景名胜;风景名胜相关;旅游景点,北京,18.59806500238918
三里河公园,116.405433,39.894234,北京前门街道中芦草园胡同与草厂三条交叉口西40米,风景名胜;公园广场;公园,北京,5.833612894826654
龙潭公园(暂停开放),116.438258,39.879792,龙潭路16号,风景名胜;风景名胜;国家级景点,北京,19.28841955935731
故宫博物院-珍宝馆,116.399941,39.919701,景山前街4号故宫博物院宁寿宫珍宝馆内,风景名胜;风景名胜;风景名胜|科教文化服务;展览馆;展览馆,北京,7.68191557289766
天主教北京总教区东交民巷圣弥厄尔天主堂,116.412118,39.903012,东交民巷甲13号,风景名胜;风景名胜;教堂,北京,16.36360346508156
天主教北京总教区西什库主教座堂(暂停开放),116.378751,39.925492,西什库大街33号,风景名胜;风景名胜;教堂,北京,5.104794082469041
贤良祠,116.386903,39.933736,地安门西大街甲103号(北海北地铁站B东北口步行210米),风景名胜;风景名胜;寺庙道观,北京,10.581842213505645
比利时使馆旧址,116.412434,39.901866,崇文门西大街9号(崇文门地铁站A1西北口步行370米),风景名胜;风景名胜;纪念馆,北京,11.975570087042707
地坛公园(暂停开放),116.414443,39.953777,安定门外大街,风景名胜;公园广场;公园,北京,6.148804958440404
故宫博物院-延禧宫,116.398682,39.920502,故宫博物院内(东北角),风景名胜;风景名胜;风景名胜,北京,23.539339811254994
故宫博物院-乾清宫,116.396919,39.920238,东华门街道景山前街4号故宫博物院内,风景名胜;风景名胜;风景名胜,北京,8.04298016438768
天坛公园-北天门,116.41274,39.885763,天坛路甲1号天坛公园景区内,风景名胜;风景名胜;风景名胜,北京,24.742718564994817
国子监,116.413285,39.946777,国子监街13-15号,风景名胜;风景名胜;国家级景点,北京,17.524097274314585
北海公园-九龙壁,116.387599,39.931861,什刹海街道文津街1号(故宫北)北海公园西天梵境内,风景名胜;风景名胜;风景名胜,北京,22.910381206586358
外金水桥,116.397663,39.908002,东长安街天安门内(天安门东地铁站A西北入口步行190米),风景名胜;风景名胜;风景名胜,北京,11.178212556942015
大观楼影城,116.395033,39.895727,前门大街大栅栏街36号,体育休闲服务;影剧院;电影院|风景名胜;风景名胜相关;旅游景点,北京,5.5132611494806705
天坛公园-七星石,116.416109,39.883051,天坛街道天坛路甲1号天坛公园内(东侧),风景名胜;风景名胜;风景名胜,北京,13.872887799446698
朝内大街81号,116.429413,39.924892,朝阳门内大街81号院(朝阳门地铁站H西南口步行220米),商务住宅;产业园区;产业园区|风景名胜;风景名胜;风景名胜,北京,8.376914057613789
什刹海-后海,116.38526,39.943559,羊房胡同甲23-3号,风景名胜;风景名胜;风景名胜,北京,16.33451161484053
西交民巷,116.395072,39.901998,西交民巷19附近,风景名胜;风景名胜;风景名胜,北京,11.537884391000892
北平图书馆旧址,116.385319,39.923461,什刹海街道什刹海街道文津街7号,风景名胜;风景名胜;纪念馆,北京,11.277579315245971
皇城根遗址公园,116.406563,39.923378,北河沿大街与地安门东大街交叉口南,风景名胜;公园广场;公园,北京,13.292915059540212
团城,116.389224,39.922978,文津街1号(故宫北)北海公园(西南角),风景名胜;风景名胜;风景名胜,北京,5.52324152073184
寿皇殿,116.396598,39.927518,景山西街44号景山公园内(北侧),风景名胜;风景名胜相关;旅游景点,北京,13.165353329922699
天桥市民广场,116.397788,39.883204,天桥南大街7号(天桥地铁站A西北口旁),风景名胜;公园广场;城市广场,北京,17.466289901778723
勅建火神庙,116.388147,39.895334,琉璃厂东街29号,风景名胜;风景名胜;寺庙道观,北京,5.090830380547969
故宫博物院-东南角楼,116.401455,39.914044,景山前街4号故宫博物院(东南角),风景名胜;风景名胜;风景名胜,北京,10.348316438686492
永定门城楼,116.399324,39.872468,永定门内大街156号,风景名胜;风景名胜相关;旅游景点,北京,7.029623116634349
银锭桥,116.393337,39.938999,前海后海交接处,风景名胜;风景名胜;风景名胜,北京,19.13224770616631
广和楼,116.39923,39.897217,北晓顺胡同5号院1(前门地铁站I西南口步行170米),商务住宅;楼宇;商务写字楼|风景名胜;风景名胜;风景名胜,北京,16.209702844336984
永定门公园,116.399134,39.875648,永定门内大街156号,风景名胜;风景名胜;风景名胜,北京,20.437294273518447
中法大学旧址,116.40703,39.928204,东皇城根北街甲20号,风景名胜;风景名胜;风景名胜,北京,15.084684120381773
天坛公园-丹陛桥,116.412887,39.879991,天坛路甲1号天坛公园内,风景名胜;风景名胜;风景名胜,北京,5.6844528214143075
于谦祠,116.423332,39.9077,西裱褙胡同甲23号(东单地铁站C东南口步行300米),风景名胜;风景名胜;风景名胜,北京,12.269386239576281
万松老人塔,116.373243,39.922117,北京市西长安街街道西四南大街43号,风景名胜;风景名胜;风景名胜,北京,18.624809889379915
北京历代帝王庙,116.367443,39.924802,阜成门内大街131号,风景名胜;风景名胜;寺庙道观|政府机构及社会团体;政府及社会团体相关;政府及社会团体相关,北京,19.786728168542748
白云观,116.343778,39.901266,白云观街7号,风景名胜;风景名胜;寺庙道观,北京,22.9111735297787
故宫博物院-坤宁宫,116.396911,39.920821,东华门街道景山前街4号故宫博物院内(北侧),风景名胜;风景名胜;风景名胜,北京,5.302982439702824
北京鲁迅博物馆,116.358742,39.925693,阜城门内宫门口二条19号(阜成门地铁站B东北口步行260米),风景名胜;风景名胜;红色景区,北京,16.392944108776643
故宫博物院-神武门广场,116.39682,39.922481,景山前街4号,风景名胜;公园广场;城市广场,北京,5.205483674606328
李大钊故居,116.365903,39.904721,文华胡同24号,风景名胜;风景名胜;风景名胜,北京,18.69771438878747
阙左门,116.397977,39.912778,东华门街道东华门街道景山前街4号故宫博物院内(南侧),风景名胜;风景名胜;风景名胜,北京,23.88943477254905
康有为故居,116.375805,39.887984,陶然亭街道米市胡同43号(菜市口地铁站C东南口旁),风景名胜;风景名胜相关;旅游景点,北京,5.490857197393559
夕照寺,116.43944,39.889698,夕照寺中街19号,风景名胜;风景名胜;寺庙道观,北京,11.85141921816762
南锣鼓巷牌坊,116.403166,39.933647,南锣鼓巷内(南锣鼓巷地铁站E西北口旁),风景名胜;风景名胜相关;旅游景点,北京,21.03249214689663
故宫博物院-太和殿,116.397056,39.917321,东华门街道景山前街4号故宫内,风景名胜;风景名胜;风景名胜,北京,24.5957594764872
晋江会馆(林海音故居),116.380637,39.893758,南柳巷40号,风景名胜;风景名胜;风景名胜,北京,17.854893581251496
正乙祠戏楼,116.385994,39.898796,和平门西河沿街220号(和平门地铁站C2东南口步行270米),体育休闲服务;影剧院;剧场|风景名胜;风景名胜相关;旅游景点,北京,17.96089913194372
法国使馆旧址,116.410845,39.903668,东交民巷15号,风景名胜;风景名胜;风景名胜,北京,9.40755604936892
法国邮政局旧址,116.409287,39.902798,东华门街道东华门街道东交民巷19-1号,风景名胜;风景名胜;风景名胜,北京,16.46137008815803
故宫博物院-储秀宫,116.395782,39.921192,景山前街4号故宫博物院内(北侧),风景名胜;风景名胜;风景名胜,北京,8.413665655715668
火神殿,116.395631,39.936872,地安门外大街77号北京火德真君庙,风景名胜;风景名胜;寺庙道观,北京,23.379092845878297
郭沫若故居,116.389306,39.934621,什刹海街道前海西街18号(什刹海西南岸),风景名胜;风景名胜;纪念馆,北京,22.751496232123568
后海公园,116.38259,39.942143,后海北沿50号(近鼓楼西大街),风景名胜;公园广场;公园,北京,15.960998127116724
护国观音寺,116.390637,39.894251,樱桃斜街8号,风景名胜;风景名胜;寺庙道观,北京,7.848343048737254
北京工体富国海底世界,116.44702,39.928558,工人体育场南路1号,风景名胜;公园广场;水族馆,北京,17.03750667621596
故宫博物院-武英殿,116.394593,39.915441,景山前街4号故宫博物院内(西南角),风景名胜;风景名胜;风景名胜,北京,17.05744920589759
广化寺,116.390893,39.941355,什刹海北边的鸦儿胡同31号,风景名胜;风景名胜;寺庙道观,北京,22.026929189725422
段祺瑞执政府旧址(不对外开放),116.415071,39.934112,张自忠路3号(张自忠路地铁站A西北口步行160米),风景名胜;风景名胜;风景名胜,北京,20.320418003742137
齐白石旧居纪念馆,116.401518,39.935745,雨儿胡同13号院(南锣鼓巷地铁站E西北口步行340米),风景名胜;风景名胜;纪念馆,北京,21.26109495642416
北京基督教会宽街堂,116.401018,39.933164,地安门东大街吉祥胡同10号,风景名胜;风景名胜;教堂,北京,17.755126229786207
团结湖公园,116.464372,39.925741,团结湖南里路16号(呼家楼地铁站B东北口步行190米),风景名胜;公园广场;公园,北京,18.277664699060434
天坛公园-皇穹宇,116.413131,39.878341,天坛街道天坛内东里7号天坛公园回音壁内,风景名胜;风景名胜相关;旅游景点,北京,7.934818868214705
法华寺遗址,116.424656,39.888073,法华寺街65-67,风景名胜;风景名胜;寺庙道观,北京,5.028035338937529
梅兰芳祖居,116.387078,39.892664,樱桃斜街与小安澜营头条交叉口南20米,风景名胜;风景名胜相关;旅游景点,北京,12.293303552777619
故宫博物院-景仁宫,116.398,39.920315,景山前街4号故宫博物院,风景名胜;风景名胜;风景名胜,北京,12.09692503101272
故宫博物院-斋宫,116.398057,39.919658,景山前街4号北京故宫博物馆,风景名胜;风景名胜相关;旅游景点,北京,16.058889571557472
北京基督教会公理会缸瓦市堂,116.373159,39.921388,西四南大街57号(西四丁字路口南侧路西),风景名胜;风景名胜;教堂,北京,19.69658970724109
宣武艺园,116.359246,39.895139,槐柏树街12号(近宣武医院、长椿街地铁站西南口),风景名胜;公园广场;公园,北京,16.539879549960162
老北京胡同游,116.389812,39.933775,前海西街10号(胡同文化人力客运三轮车),风景名胜;风景名胜相关;旅游景点,北京,5.733620598422629
北京市蒙藏学校旧址,116.374811,39.910312,西单北大街176号西单商业街,风景名胜;风景名胜相关;旅游景点,北京,16.834648568461034
月坛公园,116.352221,39.916424,月坛北街甲6号,风景名胜;风景名胜;省级景点,北京,23.691322447387183
地坛公园-地坛庙会,116.416041,39.952949,地坛公园内(近地坛庙会北门),风景名胜;风景名胜相关;旅游景点,北京,21.511838002800545
北海公园-静心斋,116.389401,39.932511,文津街1号北海公园内(西北角),风景名胜;风景名胜;风景名胜,北京,15.44389170600289
天坛公园-神乐署,116.404277,39.878812,天坛街道天坛东路甲1号天坛公园内(西南角),风景名胜;风景名胜;风景名胜,北京,8.68803067754397
钟楼,116.39586,39.942439,安定门,风景名胜;风景名胜;风景名胜,北京,18.16095055085995
方庄体育公园,116.428458,39.867166,芳古路芳古园三区1号楼(近芳城路),体育休闲服务;运动场馆;综合体育馆|风景名胜;公园广场;公园,北京,18.57178232394471
翰林院遗址,116.406144,39.905487,东长安街路南公安部内,风景名胜;风景名胜;风景名胜,北京,9.863821604258852
正阳桥,116.39804,39.898231,前门东路与崇文门西河沿交叉口西南200米,风景名胜;风景名胜;风景名胜,北京,9.937560764547772
报国寺,116.35951,39.891185,报国寺西夹道32号院(7号线广安门内地铁站B东北口20米),风景名胜;风景名胜;寺庙道观,北京,11.147356294772301
曹雪芹故居纪念馆(暂停开放),116.420814,39.89403,广渠门内大街123号(磁器口地铁站F1东北口步行130米),风景名胜;风景名胜;纪念馆,北京,10.74423856939357
北京市基督教会珠市口堂,116.398078,39.890987,前门大街129号(珠市口路口西南角),风景名胜;风景名胜;教堂,北京,11.840301549332695
京报馆,116.380723,39.891063,椿树街道魏染胡同30号(虎坊桥地铁站A西北口步行410米),风景名胜;风景名胜;红色景区,北京,5.49243509373881
大观园,116.355972,39.871365,南菜园街12号,风景名胜;风景名胜;省级景点,北京,7.180132017915284
教学植物园,116.434911,39.874042,左安门西街11号,风景名胜;公园广场;植物园,北京,20.67151548901775
故宫博物院-太和门,116.39719,39.915358,故宫内,风景名胜;风景名胜;风景名胜,北京,13.041082655811111
伍连德故居,116.426165,39.914196,东堂子胡同6号,风景名胜;风景名胜;风景名胜,北京,7.625661363278661
乾隆花园,116.399767,39.920653,景山前街4号故宫博物院(东北角),风景名胜;风景名胜相关;旅游景点,北京,8.098104197004805
海清苑,116.393204,39.93404,地安门西大街49号(北海北地铁站B东北口步行480米),风景名胜;公园广场;公园,北京,24.529798052306756
故宫博物院-乾清门,116.397005,39.919278,景山前街4号故宫博物院,风景名胜;风景名胜;风景名胜,北京,21.594236924740617
故宫博物院-乾清门,116.397005,39.919278,景山前街4号故宫博物院,风景名胜;风景名胜;风景名胜,北京,11.709450211793557
王府古井,116.411014,39.915234,王府井大街256号王府井步行街,风景名胜;风景名胜;风景名胜,北京,21.795668023330887
庆成宫,116.395745,39.877936,先农坛东门,风景名胜;风景名胜;风景名胜,北京,17.746108393738595
五道营胡同,116.408701,39.948536,安定门五道营胡同67号西门,风景名胜;风景名胜;风景名胜,北京,20.511080355889455
三元梅园(王府井店),116.410236,39.914013,王府井大街253号百货大楼B1层,购物服务;专卖店;专营店|风景名胜;风景名胜相关;旅游景点,北京,6.425276989199443
北京南站北广场,116.377124,39.866551,永外大街12号北京南站(北京南站地铁站A西北口步行190米),风景名胜;公园广场;城市广场,北京,13.67338320592121
万宁桥,116.396105,39.936545,地安门外大街与帽儿胡同交叉口南20米,风景名胜;风景名胜;风景名胜,北京,22.16865160702707
安徽会馆,116.382941,39.893562,长巷头条60号,风景名胜;风景名胜相关;旅游景点,北京,23.303654368085443
蔡元培故居,116.418427,39.914405,东堂子胡同75号(灯市口地铁站C东南口步行430米),风景名胜;风景名胜;纪念馆,北京,11.52084232687069
谭嗣同故居,116.374033,39.88643,北半截胡同41号(菜市口地铁站G西南口步行320米),风景名胜;风景名胜;纪念馆,北京,15.478420225044049
故宫博物院-慈宁宫花园,116.39399,39.917825,故宫博物院内(西侧),风景名胜;风景名胜相关;旅游景点,北京,15.43073798176331
阿里山广场,116.399609,39.895224,大江胡同1号,风景名胜;公园广场;公园广场,北京,7.419417213577264
庆丰公园,116.463961,39.903411,东三环中路39号,风景名胜;公园广场;公园,北京,16.14827997031238
北海公园-阅古楼,116.388221,39.926209,文津街1号(故宫北)北海公园内(西南角),风景名胜;风景名胜相关;旅游景点,北京,14.832095702110264
故宫博物院-漱芳斋,116.395843,39.921836,景山前街4号故宫博物院内(北侧),风景名胜;风景名胜;风景名胜,北京,20.073918796612855
广阳谷城市森林,116.373188,39.890678,广安门内大街49号(菜市口地铁站A西北口步行150米),风景名胜;公园广场;公园广场,北京,19.899579131221653
大高玄殿,116.393232,39.924421,三座门大街23号(故宫北),风景名胜;风景名胜;风景名胜,北京,21.848551899155026
故宫博物院-永寿宫,116.395813,39.920227,景山前街4号故宫博物院内,风景名胜;风景名胜;风景名胜,北京,15.690061955881568
梅兰芳纪念馆,116.3794,39.935539,什刹海街道什刹海街道德胜门内大街护国寺街9号,风景名胜;风景名胜;纪念馆,北京,15.76768018597438
故宫博物院-万春亭,116.397454,39.921583,景山前街4号故宫内,风景名胜;风景名胜相关;旅游景点,北京,14.87122519358431
故宫博物院-万春亭,116.397454,39.921583,景山前街4号故宫内,风景名胜;风景名胜相关;旅游景点,北京,7.464269938672579
天坛公园-三座门,116.409181,39.878247,天坛路甲1号天坛公园内(西南角),风景名胜;风景名胜相关;旅游景点,北京,21.078492509474895
敕建智珠寺,116.403502,39.928078,景山后街嵩祝院23号嵩祝寺及智珠寺,风景名胜;风景名胜;寺庙道观,北京,14.585154779439504
小西天,116.384916,39.930091,文津街1号北海公园内(西侧),风景名胜;风景名胜;风景名胜,北京,15.664550931869252
茅盾故居,116.40467,39.938689,交道口街道后圆恩寺胡同13号,风景名胜;风景名胜;纪念馆,北京,6.433278321702081
皇史宬,116.403927,39.909754,南池子大街136号(天安门东地铁站B东北口步行360米),风景名胜;风景名胜;风景名胜,北京,7.254639445636708
北京牛街礼拜寺(不对外开放),116.364641,39.885711,牛街18号(近广安门内),风景名胜;风景名胜;回教寺,北京,10.115733113909101
天坛公园七十二长廊,116.416242,39.883708,天坛公园内(天坛东门地铁站A2西北口步行420米),风景名胜;风景名胜相关;旅游景点,北京,5.4152083903857555
北京佛教居士林,116.376126,39.922722,西安门大街129号,风景名胜;风景名胜;寺庙道观,北京,13.991660915615942
故宫博物院-长春宫,116.395136,39.920619,景山前街4号故宫博物院(西北角),风景名胜;风景名胜;风景名胜,北京,23.58719523818496
天坛公园-内坛,116.413485,39.875276,天坛路甲1号天坛公园内(南侧),风景名胜;风景名胜相关;旅游景点,北京,9.49750118009566
和敬公主府(不对外开放),116.41338,39.934832,交道口街道张自忠路7号(原铁狮子胡同),风景名胜;风景名胜;风景名胜,北京,10.80510049659904
北海公园-五龙亭,116.385864,39.930085,文津街1号北海公园内(西侧),风景名胜;风景名胜相关;旅游景点,北京,13.27699012140367
故宫博物院-军机处(暂停营业),116.395979,39.91906,景山前街4号故宫内,风景名胜;风景名胜;风景名胜,北京,16.899416751032373
西天门,116.405564,39.881149,天坛东里甲1号天坛公园内(西侧),风景名胜;风景名胜;风景名胜,北京,18.377721647028686
昭亨门,116.413305,39.874592,天坛路甲1号天坛公园内(南侧),风景名胜;风景名胜;风景名胜,北京,13.997379984415701
故宫博物院-翊坤宫,116.395805,39.920734,景山前街4号故宫内,风景名胜;风景名胜;风景名胜,北京,24.921509040440753
天坛公园-祈年殿西配殿,116.412321,39.882982,天坛公园-祈年殿,风景名胜;风景名胜;风景名胜,北京,22.04858666453163
宋庆龄同志故居,116.383071,39.945525,后海北沿46号,风景名胜;风景名胜;纪念馆,北京,22.376095312768392
北海公园-琼华岛,116.389138,39.925512,文津街1号北海公园内(西南角),风景名胜;风景名胜相关;旅游景点,北京,14.311660007243667
柳沟民俗旅游度假区,116.09719,40.446727,柳果路与西北路交叉口,风景名胜;风景名胜;风景名胜,北京,23.90623830826129
柳沟民俗旅游度假区-柳沟凤凰古城,116.097172,40.449405,柳沟民俗旅游度假区内(北侧),风景名胜;风景名胜相关;旅游景点,北京,9.525031106876424
司马台长城旅游区,117.287475,40.658241,古北口镇司马台村北,风景名胜;风景名胜;风景名胜,北京,22.034453051836625
古北水镇,117.277314,40.654264,古北口镇司马台村(京承高速司马台长城出口向北2公里),风景名胜;风景名胜;风景名胜,北京,6.55884166129659
古北水镇-圆桥,117.271713,40.647764,古北水镇(西南角),风景名胜;风景名胜相关;旅游景点,北京,14.631747351605643
古北水镇-月书勤,117.273729,40.651209,古北口镇司马台村古北水镇景区内,风景名胜;风景名胜相关;旅游景点,北京,11.66160795755589
沿河城古城址,115.726468,40.069842,珍珠湖路口向北,风景名胜;风景名胜;风景名胜,北京,15.485549899510435
张家湾古镇,116.708246,39.849454,张家湾村路与长店街交叉口西北280米,风景名胜;风景名胜;风景名胜,北京,5.599679521750469
长峪城,115.902842,40.207236,流村镇老峪沟,风景名胜;风景名胜;风景名胜,北京,16.71069999888409
岔道古城民俗旅游度假区,115.992677,40.364883,八达岭关城西北八达岭镇岔道村,风景名胜;风景名胜;风景名胜,北京,19.489822621897872
石景山古城,116.190207,39.907352,石景山路与古城小街交叉口东100米(古城地铁站D西南口旁),风景名胜;风景名胜;风景名胜,北京,6.865479940416148
延庆古城,116.024999,40.539524,井庄镇柳沟村,风景名胜;风景名胜相关;旅游景点,北京,10.817848275049865
永宁古城墙遗址,116.169172,40.529545,永宁镇昌赤路,风景名胜;风景名胜;风景名胜,北京,21.176838170311065
凤河古镇,116.575627,39.692969,留民营路留民营文化园,风景名胜;风景名胜相关;旅游景点,北京,20.610659032981975
鹞子峪城堡,116.325751,40.426994,九渡河镇鹞子峪村,风景名胜;风景名胜;风景名胜,北京,15.080406988230168
水峪民俗旅游村,115.830776,39.761492,南窖乡水峪村(近108国道),风景名胜;风景名胜;风景名胜,北京,23.816349786650676
灵水举人村,115.731795,40.004098,雁翅镇702乡道西100米,风景名胜;风景名胜;风景名胜,北京,6.7661803048727975
明双营古城,116.00752,40.493433,西唐路附近,风景名胜;风景名胜相关;旅游景点,北京,6.008738667062246
云岫谷游猎自然风景区-遥桥古堡,117.382384,40.634194,新城子镇云岫谷游猎自然风景区内(北侧),风景名胜;风景名胜;风景名胜,北京,5.402525652422421
蟠龙山长城景区-古镇文化景区,117.165578,40.683981,蟠龙山长城,风景名胜;风景名胜相关;旅游景点,北京,5.44049051817095
密云古城遗址,116.858563,40.377943,新东路281号,风景名胜;风景名胜;风景名胜,北京,19.030774020245428
古北水镇-潮河第一营,117.273102,40.651336,古北水镇-卧龙堡民俗文化区,风景名胜;风景名胜相关;旅游景点,北京,18.860805377930184
爨柏景区,115.666673,39.972357,007县道附近,风景名胜;风景名胜;省级景点,北京,24.080829594559564
古御道,117.165711,40.684052,古北口镇古北口村,风景名胜;风景名胜相关;旅游景点,北京,20.699243868104325
明清古镇,116.451521,39.734908,盛世南宫影视文化城内(西侧),风景名胜;风景名胜;风景名胜,北京,20.089492754383627
通州古城池地雕,116.665866,39.917102,通胡大街70号通州奥体公园,风景名胜;风景名胜相关;旅游景点,北京,12.63820056708973
石景山古城公园,116.193302,39.911761,古城南路1号,风景名胜;公园广场;公园,北京,11.271335721510825
白马关古城堡,116.916059,40.714813,白马山庄特色民宿东南侧,风景名胜;风景名胜相关;旅游景点,北京,5.764873337696647
古城民俗村,116.024989,40.539574,旧县镇古城村,风景名胜;风景名胜相关;旅游景点,北京,12.9293524846153
凤巢古村,115.710614,39.877514,金鸡台村路,风景名胜;风景名胜;风景名胜,北京,7.676290399323182
乡村奥莱度假古镇,116.098318,40.450949,井庄镇柳沟村村委会南房第一间,风景名胜;风景名胜;风景名胜,北京,14.844150242864096
延庆古城遗址公园,115.966741,40.461505,北顺城街与西顺城街交叉口东140米,风景名胜;风景名胜;风景名胜,北京,16.937819352876915
古城墙,115.949427,40.168117,禾子涧路,风景名胜;风景名胜相关;旅游景点,北京,11.907833533829464
土城村东古城墙遗址,116.186747,40.159929,马池口(地区)镇Y677(娄土路),风景名胜;风景名胜;风景名胜,北京,11.781717210820409
古北水镇-厢房,117.274086,40.65034,令公街003号杨无敌祠内,风景名胜;风景名胜相关;旅游景点,北京,12.604163925314122
古城楼,116.800507,40.512337,[],风景名胜;风景名胜;风景名胜,北京,23.771692121366346
中华民族园南园-丽江古城四方街,116.391374,39.981143,亚运村街道民族园路1号北京中华民族博物院南园内(北侧),风景名胜;风景名胜相关;旅游景点,北京,18.563417440787823
古城泰山庙,116.023677,40.541348,古城大街55号,风景名胜;风景名胜;寺庙道观,北京,6.775158202484148
榆林驿城遗址,115.883483,40.370948,西官路,风景名胜;风景名胜相关;旅游景点,北京,9.55701827403262
古北水镇-英华书院东院,117.274417,40.650366,英华书院东院内,风景名胜;风景名胜相关;旅游景点,北京,10.175543486008431
永宁古城鹦鹉阁,116.154877,40.521879,永宁镇西关村委会西南100米,风景名胜;风景名胜;风景名胜,北京,14.656954462763984
国家级传统古村落(长峪城村),115.904152,40.206678,北京望幽谷精品民宿西北侧,风景名胜;风景名胜相关;旅游景点,北京,19.52366640980008
古城体育公园,116.184794,39.912724,古祥路与城泰街交叉口东北20米,风景名胜;公园广场;公园,北京,24.103249966175312
古北水镇-狮子桥,117.265698,40.645738,古北口镇古北水镇景区内,风景名胜;风景名胜相关;旅游景点,北京,22.651056751432897
古城新趣,116.354111,39.968933,花园路元土城遗址公园(西南角),风景名胜;风景名胜相关;旅游景点,北京,12.727066961176508
古北水镇-永安桥,117.27102,40.647462,古北口镇司马台村古北水镇(西南角),风景名胜;风景名胜相关;旅游景点,北京,23.798315611112464
岔西雄关,115.993048,40.365188,岔西环岛八达岭长城,风景名胜;风景名胜相关;旅游景点,北京,17.49487214278962
狗牙山,115.760513,40.041686,雁翅镇碣石村,风景名胜;风景名胜;风景名胜,北京,12.253639957149387
古北水镇-关公厅,117.277024,40.653436,溪西街009号震远镖局内,风景名胜;风景名胜相关;旅游景点,北京,6.543893000771519
古北水镇-一进院,117.27406,40.650237,令公街001号英华书院西院内,风景名胜;风景名胜相关;旅游景点,北京,13.883573531156014
古北水镇-濯锦桥,117.272746,40.648514,古北水镇(西南角),风景名胜;风景名胜相关;旅游景点,北京,20.7027746929177
古北水镇-婚俗厅,117.278158,40.653688,会馆街001号八旗会馆内,风景名胜;风景名胜相关;旅游景点,北京,13.40361879586214
古北水镇-地下作坊,117.27131,40.647874,作坊街012号司马小烧酒坊内,风景名胜;风景名胜相关;旅游景点,北京,10.686169537502026
古北水镇-三进院,117.274256,40.6505,令公街001号英华书院东院内,风景名胜;风景名胜相关;旅游景点,北京,15.444915927607001
古城环翠公园,116.176994,39.911141,古盛路与古城西街交叉口东北20米,风景名胜;公园广场;公园,北京,8.772815795708116
古北水镇-二镖头房,117.276614,40.653172,溪西街009号震远镖局内,风景名胜;风景名胜相关;旅游景点,北京,20.789653421268056
古北水镇-总镖头房,117.276796,40.653315,溪西街009号震远镖局内,风景名胜;风景名胜相关;旅游景点,北京,20.41048369730447
古北水镇-歇马间,117.277327,40.652948,溪西街009号震远镖局内,风景名胜;风景名胜相关;旅游景点,北京,22.78686962279593
古北水镇-二进院,117.274122,40.650265,令公街001号英华书院东院内,风景名胜;风景名胜相关;旅游景点,北京,20.635222962697107
古北水镇-信房,117.276939,40.652944,溪西街009号震远镖局内,风景名胜;风景名胜相关;旅游景点,北京,6.502163197885908
古北水镇-伙计房,117.277381,40.653011,溪西街009号震远镖局内,风景名胜;风景名胜相关;旅游景点,北京,8.198976252298491
古北水镇-中军堂,117.278221,40.653565,会馆街001号八旗会馆内,风景名胜;风景名胜相关;旅游景点,北京,9.710903865888403
槐里.小清,115.994092,40.364799,八达岭镇岔道村79号,风景名胜;风景名胜相关;旅游景点,北京,18.04653061006916
龙庆峡风景区-古城大坝,116.006812,40.548843,旧县镇古城村北龙庆峡,风景名胜;风景名胜相关;旅游景点,北京,17.435740017274366
龙庆峡风景区,116.003394,40.551886,旧县镇古城村北,风景名胜;风景名胜;国家级景点,北京,6.382444788705614
首钢园北区,116.157104,39.915433,北京市古城街道石景山路68号首钢园,风景名胜;公园广场;公园,北京,7.342425512244395
北京张裕爱斐堡酒庄,116.902303,40.375747,巨各庄镇宁菜路与密三路交汇处东南侧,风景名胜;风景名胜;国家级景点,北京,13.660294857007722
路县故城遗址公园,116.719954,39.91508,东古城街与临镜路交叉口北160米,风景名胜;风景名胜;风景名胜,北京,21.457846796876357
欧洲小镇,116.338587,40.138429,半壁街村887号,风景名胜;风景名胜相关;旅游景点,北京,5.685196531747154
平谷王母宫,117.092908,40.191215,王辛庄镇西古村,风景名胜;风景名胜相关;旅游景点,北京,8.662964028057056
白羊城遗址,116.025083,40.188506,李流路与水台路交叉口西400米,风景名胜;风景名胜;风景名胜,北京,18.839590147125584
圣诞小镇,116.679828,39.856775,梨园镇环球大道北京环球度假区,风景名胜;风景名胜相关;旅游景点,北京,19.206448983258774
月亮河小镇鸽子广场,116.675342,39.921151,滨河路1号,风景名胜;公园广场;城市广场,北京,17.20555783112183
圆明园-舍卫城,116.29877,40.010119,清华西路28号圆明园遗址公园西北景区内,风景名胜;风景名胜相关;旅游景点,北京,7.0417105788795435
北京基督教会石景山堂,116.188189,39.921682,杨庄大街辅路与杨庄路交叉口东南160米,风景名胜;风景名胜;教堂,北京,15.147438861823066
南窖村过街楼,115.845132,39.764527,南窖村,风景名胜;风景名胜;风景名胜,北京,22.098073661642488
法国冬日小镇,116.459737,39.91163,景茂街与金桐东路交叉口东160米,风景名胜;风景名胜;风景名胜,北京,24.80906646832804
月亮河小镇千荷休闲广场,116.676241,39.91859,芙蓉西路1号,风景名胜;公园广场;城市广场,北京,22.554262199952564
高碑店村古街区,116.544867,39.903117,高碑店古家具一条街高碑店社区,风景名胜;风景名胜相关;旅游景点,北京,11.472315791677442
希腊小镇,116.49731,39.86853,东四环四方桥东南角欢乐谷内,风景名胜;风景名胜;风景名胜,北京,5.188625380252931
北京野生动物园蓝色小镇,116.337731,39.495065,北京野生动物园猛兽体验区北侧120米,风景名胜;风景名胜;风景名胜,北京,23.30008966182325
首钢园-白庙,116.178179,39.898215,古城南街,风景名胜;风景名胜;寺庙道观,北京,7.158892774355645
枫林湾景区,115.982748,39.960829,枫林湾亲子小镇,风景名胜;风景名胜相关;旅游景点,北京,12.884747337344855
盆窑村古窑遗址,116.096497,40.541721,旧大路与盆窑路交叉口东北420米,风景名胜;风景名胜;风景名胜,北京,24.148605312129188
云瀑沟,116.039111,40.587238,龙庆峡风景区东侧半块豆腐山中(延庆盆地西北侧),风景名胜;风景名胜;风景名胜,北京,13.662756461693032
法律文化景园,116.193966,39.911117,古城南路1号,风景名胜;风景名胜相关;旅游景点,北京,23.597536564024225
龙庆峡风景区-龙庆峡冰灯,116.010671,40.547224,旧县镇古城村龙庆峡商业街02号,风景名胜;风景名胜相关;旅游景点,北京,13.987795387859776
十渡不夜城飞车文化小镇,115.598491,39.630687,十渡镇八渡村村会委南1260米,风景名胜;风景名胜相关;旅游景点,北京,15.051573568669616
抗战地堡群(韩郝庄一号),116.016201,40.536569,古城大街123号,风景名胜;风景名胜;风景名胜,北京,9.034527028184803
天猫小镇,116.339956,40.569923,四季花海景区,风景名胜;风景名胜相关;旅游景点,北京,20.778157945407614
石景山新华书店旧址,116.171288,39.910755,石景山路99号院,风景名胜;风景名胜;风景名胜,北京,14.528947326041433
北京市应急广播新安城市记忆公园(普通终端4),116.173938,39.910101,新安城市记忆公园内,风景名胜;公园广场;公园,北京,19.826743454335293
北京市应急广播新安城市记忆公园(高可靠终端),116.175515,39.910016,新安城市记忆公园内(东侧),风景名胜;公园广场;公园,北京,16.03070479308738
下沉广场,116.186238,39.904957,古城街道古城南街3号绿地环球文化金融城下沉广场,风景名胜;公园广场;城市广场,北京,14.81570551517401
喷泉广场,116.536543,40.089208,安泰大街9号中粮·祥云小镇,风景名胜;公园广场;城市广场,北京,13.64901896146542
永宁古城,116.166613,40.522865,昌赤路,风景名胜;风景名胜;风景名胜,北京,22.476594703274305
清河古城遗址,116.323856,40.027362,东升乡朱房村西南,风景名胜;风景名胜;风景名胜,北京,6.693781200989641
安乐古城遗址,116.498237,40.110014,高白路s28号,风景名胜;风景名胜;风景名胜,北京,8.749786378324469
巩华城扶京门,116.279634,40.124027,南河槽大街与扶京门路交叉口东360米,风景名胜;风景名胜;风景名胜,北京,12.286662428803922
牡丹园,116.193623,39.912236,古城东街与古城南路交叉口西北160米,风景名胜;风景名胜相关;旅游景点,北京,22.174914475400726
抗战地堡群(韩郝庄一号),116.016201,40.536569,古城大街123号,风景名胜;风景名胜;风景名胜,北京,12.952767076929723
十渡不夜城飞车文化小镇,115.598491,39.630687,十渡镇八渡村村会委南1260米,风景名胜;风景名胜相关;旅游景点,北京,20.302578503948688
北京淘金小镇国家矿山公园,116.525081,40.532055,琉璃庙镇金驼峰风景区729矿铜宾馆,风景名胜;公园广场;公园,北京,20.269358353142895
石景山新华书店旧址,116.171288,39.910755,石景山路99号院,风景名胜;风景名胜;风景名胜,北京,24.79997028960036
绿湾公园,116.189008,39.901455,古城南街北京市公安局石景山分局南行200米,风景名胜;公园广场;公园,北京,10.352234438369003
圣诞小镇圣诞老人见面会(圣诞小镇),116.679833,39.856968,梨园镇环球大道北京环球度假区,风景名胜;风景名胜相关;旅游景点,北京,24.166441170413442
喷泉广场,116.536543,40.089208,安泰大街9号中粮·祥云小镇,风景名胜;公园广场;城市广场,北京,6.9839997148798405
下沉广场,116.186238,39.904957,古城街道古城南街3号绿地环球文化金融城下沉广场,风景名胜;公园广场;城市广场,北京,20.200759099838024
天猫小镇,116.339956,40.569923,四季花海景区,风景名胜;风景名胜相关;旅游景点,北京,19.58273003963156
龙庆峡风景区-水屏风,115.997693,40.552266,旧县镇古城村北龙庆峡风景区,风景名胜;风景名胜相关;旅游景点,北京,10.513975424777072
龙庆峡风景区-玉皇顶,116.005647,40.549946,旧县镇古城村北龙庆峡风景区,风景名胜;风景名胜相关;旅游景点,北京,21.090284123398245
北京华严小镇,116.026363,39.895986,潭王路与004县道交叉口西50米,风景名胜;风景名胜相关;旅游景点,北京,22.25835687237072
龙庆峡风景区-神仙院,116.003993,40.556694,旧县镇古城村北龙庆峡风景区内(北侧),风景名胜;风景名胜相关;旅游景点,北京,20.640235654064725
起源地小镇,116.073789,39.937146,门头沟路123号,风景名胜;风景名胜;风景名胜,北京,11.315371641741692
漫海小镇,116.365583,40.062131,建材城中路与林花街交叉口东南60米,风景名胜;风景名胜;风景名胜,北京,16.356389987289106
乡居湖畔生态小镇,116.830026,40.115326,小李路与木北路交叉口东北140米,风景名胜;风景名胜相关;旅游景点,北京,23.521944255901293
海洋欢乐岛(古城公园店),116.193204,39.911364,古城南路与古城公园西街交叉口东北80米,风景名胜;风景名胜相关;旅游景点,北京,21.618982097805834
圣诞小镇2,116.679981,39.856799,梨园镇环球大道北京环球度假区,风景名胜;风景名胜相关;旅游景点,北京,14.713588292241532
三元堂,115.735397,40.003768,雁翅镇702乡道西100米灵水举人村内(东侧),风景名胜;风景名胜相关;旅游景点,北京,8.95188624360426
幸福小镇Happy Town之农耕园,116.187315,40.092157,稻香湖冰雪小镇东南侧50米,风景名胜;风景名胜相关;旅游景点,北京,11.202248573375481
缤纷花海,116.186459,40.090975,稻香湖冰雪小镇南侧180米,风景名胜;风景名胜相关;旅游景点,北京,21.82814904686642
12生肖台,116.187231,40.092635,稻香湖冰雪小镇东侧,风景名胜;风景名胜相关;旅游景点,北京,19.276151132034293
月亮河小镇七彩广场,116.676794,39.920866,北关大道与芙蓉西路交叉口北300米,风景名胜;公园广场;城市广场,北京,5.742399443832316
谷雨小镇,116.834779,40.354702,碧澄环路与碧澄环路二巷交叉口西北100米,风景名胜;风景名胜相关;旅游景点,北京,15.891521120566605
长之城花海村落,117.248221,40.660998,古北口司马台村沙岭41-2-1,风景名胜;风景名胜;风景名胜,北京,15.185865219787868
复兴花园,116.176685,39.906982,石景山路64号,风景名胜;公园广场;公园广场,北京,9.499664408814976
运动广场,116.538757,40.086783,安泰大街9号中粮·祥云小镇南区,风景名胜;公园广场;城市广场,北京,12.581548260090457
掌海科技小镇,117.225227,40.677676,密云桃春山房小院北侧290米,风景名胜;风景名胜相关;旅游景点,北京,17.246210838566626
龙庆峡风景区-金刚寺遗址,115.995995,40.553197,旧县镇古城村北龙庆峡风景区内(西侧),风景名胜;风景名胜相关;旅游景点,北京,17.035582214893758
岔西雄门,115.993048,40.365173,岔西环岛岔道古城民俗旅游度假区,风景名胜;风景名胜相关;旅游景点,北京,7.162467480297812
园艺小镇休闲公园,115.936068,40.353839,八达岭镇里炮村村史村情展示馆东南侧140米,风景名胜;公园广场;公园,北京,5.321262761401016
窑沟楼,117.252308,40.678911,G45大广高速x516号,风景名胜;风景名胜;风景名胜,北京,17.933157476444883
鲨鱼小镇,116.340207,39.94509,高粱桥斜街乙18号北京海洋馆内(西北角),风景名胜;风景名胜相关;旅游景点,北京,13.824518118790362
五台小镇观光园,116.601522,39.637199,安采路,风景名胜;风景名胜相关;旅游景点,北京,23.30554532822941
龙庆峡-钟山,116.000973,40.555254,旧县镇古城村北龙庆峡,风景名胜;风景名胜相关;旅游景点,北京,13.309435766165212
龙庆峡风景区-腾龙电梯,116.009861,40.548896,旧县镇古城村北龙庆峡,风景名胜;风景名胜相关;旅游景点,北京,24.979497825025405
龙庆峡风景区-凤冠岛,116.002124,40.553238,旧县镇古城村北龙庆峡风景区,风景名胜;风景名胜相关;旅游景点,北京,23.855724071802396
龙庆峡风景区-天门,116.005956,40.550886,旧县镇古城村北龙庆峡风景区,风景名胜;风景名胜相关;旅游景点,北京,24.152007117268603
龙庆峡风景区-梦幻亭,115.99159,40.553952,旧县镇古城村北龙庆峡风景区内(西侧),风景名胜;风景名胜相关;旅游景点,北京,14.151967366446383
休闲健身广场,116.190731,39.924029,阜石路辅路与杨庄北区中街交叉口西140米,风景名胜;公园广场;城市广场,北京,9.05016702443337
龙庆峡风景区-东大寨,116.004008,40.556005,旧县镇古城村北龙庆峡风景区,风景名胜;风景名胜相关;旅游景点,北京,7.339553062118
龙庆峡风景区-石熊跳崖,116.000997,40.550693,古城村龙庆峡风景区内,风景名胜;风景名胜相关;旅游景点,北京,8.225925800569392
龙庆峡风景区-金刚山,115.994991,40.554195,旧县镇古城村北龙庆峡风景区内(西侧),风景名胜;风景名胜相关;旅游景点,北京,22.870221350158342
龙庆峡风景区-将军岩,115.999982,40.55059,旧县镇古城村北龙庆峡风景区,风景名胜;风景名胜相关;旅游景点,北京,24.85388790567576
龙庆峡风景区-十八盘,115.983998,40.549499,旧县镇古城村北龙庆峡风景区内(西侧),风景名胜;风景名胜相关;旅游景点,北京,23.461728386194274
西便门小公园-首都建设世纪碑,116.359122,39.89958,西便门城墙遗址公园(长椿街地铁站A1西北口步行330米),风景名胜;风景名胜;纪念馆,北京,11.581544349867334
体育休闲园,116.187049,39.920039,杨庄大街辅路与古城北路交叉口北240米,风景名胜;公园广场;公园,北京,23.01827747642565
千纸坊,116.189607,39.918035,八角北路与古城东街交叉口西220米,风景名胜;风景名胜相关;旅游景点,北京,12.561687956495092
乡贤廊,116.72971,40.129797,南彩镇河北村东路12号河北村民俗文化体验园内(西侧),风景名胜;风景名胜相关;旅游景点,北京,13.534290393911705
龙庆峡风景区-空中索道,116.006247,40.55126,旧县镇古城村北龙庆峡风景区,风景名胜;风景名胜相关;旅游景点,北京,20.963721848302846
营城建都雕塑,116.34997,39.87136,广安门南街64号金中都公园内(东侧),风景名胜;风景名胜相关;旅游景点,北京,8.579501391342003
八角南路四号·音乐下沉广场,116.195545,39.910257,八角南路与古城东街交叉口东南140米,风景名胜;公园广场;城市广场,北京,21.595778324204684
南宫冰雪奇幻小镇(暂停开放),116.14302,39.802525,王佐镇南宫滨河路南宫露营运动乐园北门对面,风景名胜;风景名胜相关;旅游景点,北京,18.967000456489714
丹牡园翟辄,116.193619,39.912233,古城东街113号,风景名胜;风景名胜相关;旅游景点,北京,23.844244716324862
童牛小镇(暂停开放),116.611434,40.275069,庙城镇焦高路西头,风景名胜;风景名胜;风景名胜,北京,9.306511885814741
固本园,116.631403,40.287359,庙城路(新新小镇),风景名胜;风景名胜相关;旅游景点,北京,9.227124626723631
雾迷山组剖面,116.006438,40.548973,古城村龙庆峡风景区内(东南角),风景名胜;风景名胜相关;旅游景点,北京,8.790946497859128
稻香湖冰雪小镇,116.187114,40.092594,北京市海淀区苏家坨镇稻香湖路大美运动营地,风景名胜;风景名胜相关;旅游景点,北京,16.34796329739231
母与子雕塑广场,116.193386,39.911647,古城南路1号古城公园,风景名胜;公园广场;城市广场,北京,16.870896923859533
博古架庭院区,116.193422,39.912402,古城南路1号古城公园,风景名胜;风景名胜相关;旅游景点,北京,16.757809619844288
北京常青藤冰雪嘉年华,116.311896,40.113461,沙河定泗路与回昌东路交汇处往东中海·瓦尔登湖(南1门)艾维常青藤儿童教育小镇,风景名胜;风景名胜相关;旅游景点,北京,16.499031709471573
棋盘石,116.004702,40.549251,古城村龙庆峡风景区内,风景名胜;风景名胜相关;旅游景点,北京,14.328579770573828
功碑阁,116.14691,39.919106,北京市古城街道碧霞元君庙,风景名胜;风景名胜相关;旅游景点,北京,9.774594114143476
龙庆峡风景区-小石林,115.989771,40.546708,旧县镇古城村北龙庆峡风景区内(西侧),风景名胜;风景名胜相关;旅游景点,北京,5.25079469978256
龙庆峡风景区-斧劈山,115.998373,40.550778,旧县镇古城村北龙庆峡风景区内(西侧),风景名胜;风景名胜相关;旅游景点,北京,16.878848809269584
憩松园,116.686677,40.451446,青龙峡景区内,风景名胜;风景名胜相关;旅游景点,北京,7.163773349137992
仙人棋,116.003995,40.556996,旧县镇古城村北龙庆峡风景区内(北侧),风景名胜;风景名胜相关;旅游景点,北京,20.86632912697526
龙庆峡风景区-西大寨,116.002992,40.556096,旧县镇古城村北龙庆峡风景区内(北侧),风景名胜;风景名胜相关;旅游景点,北京,16.260962956359684
龙庆峡风景区-神笔峰,115.994912,40.549535,旧县镇古城村北龙庆峡风景区内(西侧),风景名胜;风景名胜相关;旅游景点,北京,8.960357758198976
龙庆峡风景区-震山如来,116.003999,40.551797,旧县镇古城村北风景区,风景名胜;风景名胜相关;旅游景点,北京,12.219756076053361
天王石(龙庆峡风景区),116.003995,40.557154,旧县镇古城村北龙庆峡风景区内(北侧),风景名胜;风景名胜相关;旅游景点,北京,10.70985032781881
八角文化广场,116.194703,39.915918,八角社区路,风景名胜;公园广场;城市广场,北京,9.975039102383604
北京金海湖风景区(暂停开放),117.312612,40.173991,金海湖镇坝前广场路1号,风景名胜;风景名胜;国家级景点,北京,9.130502404585004
绿地花园(装修中),116.194081,39.904969,长安和玺小区东侧,风景名胜;公园广场;公园,北京,20.179406239836354
花语公园,116.19278,39.924374,阜石路辅路与杨庄北区中街交叉口东40米,风景名胜;公园广场;公园,北京,11.916633352284418
全龄友好公园,116.185628,39.923921,阜石路与杨庄大街交叉口西侧,风景名胜;公园广场;公园,北京,8.010322000715913
雁栖冰雪季(暂停开放),116.657942,40.363343,雁栖镇顶秀美泉小镇旁,风景名胜;风景名胜相关;旅游景点,北京,9.173244473591796
山林景区(暂停开放),116.192672,39.912139,古城南路1号古城公园内,风景名胜;风景名胜相关;旅游景点,北京,18.48082381749869
崇廉苑,116.193399,39.915967,八角社区路与八角北路交叉口西80米,风景名胜;风景名胜相关;旅游景点,北京,23.855338144638015
行简露名膀宿渌漫营地,116.33205,40.414343,长城溪溪小镇1区北侧290米,风景名胜;风景名胜相关;旅游景点,北京,19.845691894089175
东黄山国际小镇北京展厅,116.566442,39.924373,朝阳北路与三间房西路交叉口西北80米,风景名胜;风景名胜相关;旅游景点,北京,7.126208644487823
科技农业小镇,116.703753,39.661849,采林路与张采路交叉口南20米,商务住宅;商务住宅相关;商务住宅相关|风景名胜;风景名胜相关;旅游景点,北京,15.264011058827535
禧园温泉文化小镇,116.443999,40.028001,北苑东路辅路与北苑中街交叉口东220米,风景名胜;风景名胜相关;旅游景点,北京,13.453882645168244
湿地一号乡村小镇,116.803482,40.112813,杨镇田家营村湿地壹号院,风景名胜;风景名胜;风景名胜,北京,7.523235229674883
大家据国际设计文化小镇,115.913801,39.669456,篓子水村西北,风景名胜;风景名胜;风景名胜|餐饮服务;中餐厅;中餐厅|体育休闲服务;体育休闲服务场所;体育休闲服务场所,北京,9.62674596970474
上工槌道,116.194028,39.907827,北京城区古城南路53号楼,风景名胜;风景名胜相关;旅游景点,北京,12.683385261293239
中粮·祥云小镇冰乐园(顺义店),116.536377,40.088768,空港街道空港街道安泰大街9号中粮祥云小镇北区喷泉广场,风景名胜;风景名胜相关;旅游景点,北京,8.916526619049542
赶集小镇(房山店),115.903332,39.584142,长沟镇太和庄村长沟北大街306号,风景名胜;风景名胜;风景名胜,北京,24.304889213345973
十里画廊,116.718776,40.636035,[],风景名胜;风景名胜相关;旅游景点,北京,7.663463249988598
妙峰骑行小镇(樱花泉谷店),116.054147,40.018071,北京市门头沟区妙峰山镇桃园村王东200米,风景名胜;风景名胜相关;旅游景点,北京,19.993327205055305
花季小镇轻奢花艺馆,116.191172,39.911063,古城南路甲21号院花季小镇,风景名胜;风景名胜相关;旅游景点,北京,17.339303887614022
RE睿·国际创忆馆,116.151928,39.923396,古城街道广宁路新首钢园区北七筒办公区4号筒,风景名胜;风景名胜相关;旅游景点,北京,21.741995153405732
温都水城,116.372202,40.104171,北七家镇王府街55号,风景名胜;风景名胜;国家级景点,北京,5.720127612081088
锦秋行宫,116.39923,40.18045,行宫路与龙脉西路交叉口东40米,风景名胜;风景名胜相关;旅游景点,北京,11.642047204367604
白象戏水,116.555936,40.013765,蟹岛路1号蟹岛度假村蟹岛国际会展中心内,风景名胜;风景名胜相关;旅游景点,北京,11.431049718344644
海南鹭湖国际养生度假区,116.290735,39.753123,黄鹅路与芦星西街交叉口北240米,体育休闲服务;度假疗养场所;度假村|风景名胜;风景名胜;风景名胜,北京,20.40578496366435
北京时光里农场,116.718735,40.396991,西田各庄镇疃里村村西500米,风景名胜;风景名胜相关;旅游景点,北京,22.70799280391087
岩石葡萄庄园,117.031943,40.365897,久黄路东50米,风景名胜;风景名胜相关;旅游景点,北京,17.850805721142883
八达岭里炮红苹果度假村,115.931219,40.354323,八达岭,体育休闲服务;度假疗养场所;度假村|风景名胜;风景名胜相关;旅游景点,北京,19.65548201788259
北京圣水泉度假村,116.678232,40.531634,110国道幽谷神谭景区对面(幽谷神谭),体育休闲服务;度假疗养场所;度假村|风景名胜;风景名胜相关;旅游景点,北京,11.673066397032004
赏湖轩,116.900359,40.465376,溪翁庄镇云湖度假村,风景名胜;风景名胜;风景名胜,北京,17.642981679777876
北京圣莲山风景度假区-曹宅,115.739911,39.848492,史家营柳林水村圣莲山风景区内,风景名胜;风景名胜相关;旅游景点,北京,20.003673498286723
